Name,Mana Cost,CMC,Type Line,Oracle Text,Set Code,Set Name,Collector Number,Artist,Rarity,Colors,Color Identity,Keywords,USD Price,EUR Price,Scryfall URL
Ace's Baseball Bat,{2},2,Legendary Artifact — Equipment,"Equipped creature gets +3/+0. | As long as equipped creature is attacking, it has first strike and must be blocked by a Dalek if able. | Equip legendary creature {1} | Equip {3}",who,Doctor Who,170,L J Koh,rare,,,Equip,0.28,0.17,https://scryfall.com/card/who/170/aces-baseball-bat?utm_source=api
A-Cori-Steel Cutter,{1}{R},2,Artifact — Equipment,"Equipped creature has haste. | Flurry — Whenever you cast your second spell each turn, create a 1/1 white Monk creature token with prowess. You may attach this Equipment to it. | Equip {1}{R}",tdm,Tarkir: Dragonstorm,A-103,Xabi Gaztelua,rare,R,R,"Flurry, Equip",,,https://scryfall.com/card/tdm/A-103/a-cori-steel-cutter?utm_source=api
Adaptive Omnitool,{2},2,Artifact — Equipment,"Equipped creature gets +1/+1 for each artifact you control. | Whenever equipped creature attacks, look at the top six cards of your library. You may reveal an artifact card from among them and put it into your hand. Put the rest on the bottom of your library in a random order. | Equip {3}",drc,Aetherdrift Commander,16,Adrián Rodríguez Pérez,rare,,,Equip,1.31,1.08,https://scryfall.com/card/drc/16/adaptive-omnitool?utm_source=api
Aegis of the Legion,{R}{W},2,Artifact — Equipment,"Equipped creature gets +1/+1 and has mentor. (Whenever it attacks, put a +1/+1 counter on target attacking creature with lesser power.) | Whenever equipped creature mentors a creature, put a shield counter on that creature. (If that creature would be dealt damage or destroyed, remove a shield counter from it instead.) | Equip {3}",clu,Ravnica: Clue Edition,22,Alexandre Honoré,rare,R/W,R/W,Equip,1.77,0.60,https://scryfall.com/card/clu/22/aegis-of-the-legion?utm_source=api
Aettir and Priwen,{6},6,Legendary Artifact — Equipment,"Equipped creature has base power and toughness X/X, where X is your life total. | Equip {5}",fin,Final Fantasy,253,Vilhelmas Banys,mythic,,,Equip,6.77,4.91,https://scryfall.com/card/fin/253/aettir-and-priwen?utm_source=api
"Andúril, Flame of the West",{3},3,Legendary Artifact — Equipment,"Equipped creature gets +3/+1. | Whenever equipped creature attacks, create two tapped 1/1 white Spirit creature tokens with flying. If that creature is legendary, instead create two of those tokens that are tapped and attacking. | Equip {2}",ltr,The Lord of the Rings: Tales of Middle-earth,236,Irvin Rodriguez,mythic,,,Equip,6.27,3.83,https://scryfall.com/card/ltr/236/and%C3%BAril-flame-of-the-west?utm_source=api
"Andúril, Narsil Reforged",{2},2,Legendary Artifact — Equipment,"Ascend (If you control ten or more permanents, you get the city's blessing for the rest of the game.) | Whenever equipped creature attacks, put a +1/+1 counter on each creature you control. If you have the city's blessing, put two +1/+1 counters on each creature you control instead. | Equip {3}",ltc,Tales of Middle-earth Commander,491,Jason Rainville,rare,,,"Ascend, Equip",13.63,5.94,https://scryfall.com/card/ltc/491/and%C3%BAril-narsil-reforged?utm_source=api
Argentum Armor,{6},6,Artifact — Equipment,"Equipped creature gets +6/+6. | Whenever equipped creature attacks, destroy target permanent. | Equip {6}",afc,Forgotten Realms Commander,198,Matt Cavotta,rare,,,Equip,2.65,1.22,https://scryfall.com/card/afc/198/argentum-armor?utm_source=api
Arm-Mounted Anchor,{3},3,Artifact — Equipment,"Equipped creature gets +2/+2 and has menace. | Whenever equipped creature deals combat damage to a player, draw two cards. Then discard two cards unless you discard a Pirate card. | Equip {2}. This ability costs {2} less to activate if you have one or fewer cards in hand.",lcc,The Lost Caverns of Ixalan Commander,99,Nino Vecia,rare,,,Equip,0.19,0.15,https://scryfall.com/card/lcc/99/arm-mounted-anchor?utm_source=api
Assimilation Aegis,{1}{W}{U},3,Artifact — Equipment,"When this Equipment enters, exile up to one target creature until this Equipment leaves the battlefield. | Whenever this Equipment becomes attached to a creature, for as long as this Equipment remains attached to it, that creature becomes a copy of a creature card exiled with this Equipment. | Equip {2}",otj,Outlaws of Thunder Junction,192,Matt Stewart,mythic,U/W,U/W,Equip,0.40,0.70,https://scryfall.com/card/otj/192/assimilation-aegis?utm_source=api
Astrologian's Planisphere,{1}{U},2,Artifact — Equipment,"Job select (When this Equipment enters, create a 1/1 colorless Hero creature token, then attach this to it.) | Equipped creature is a Wizard in addition to its other types and has ""Whenever you cast a noncreature spell and whenever you draw your third card each turn, put a +1/+1 counter on this creature."" | Diana — Equip {2}",fin,Final Fantasy,46,Josephine Chang,rare,U,U,"Job select, Equip",0.30,0.34,https://scryfall.com/card/fin/46/astrologians-planisphere?utm_source=api
Avarice Amulet,{4},4,Artifact — Equipment,"Equipped creature gets +2/+0 and has vigilance and ""At the beginning of your upkeep, draw a card."" | Whenever equipped creature dies, target opponent gains control of this Equipment. | Equip {2} ({2}: Attach to target creature you control. Equip only as a sorcery.)",m15,Magic 2015,212,Steven Belledin,rare,,,Equip,0.23,0.42,https://scryfall.com/card/m15/212/avarice-amulet?utm_source=api
Basilisk Collar,{1},1,Artifact — Equipment,Equipped creature has deathtouch and lifelink. (Any amount of damage it deals to a creature is enough to destroy it. Damage dealt by this creature also causes you to gain that much life.) | Equip {2} ({2}: Attach to target creature you control. Equip only as a sorcery.),fdn,Foundations,669,Craig J Spearing,rare,,,Equip,43.62,3.10,https://scryfall.com/card/fdn/669/basilisk-collar?utm_source=api
Batterskull,{5},5,Artifact — Equipment,"Living weapon (When this Equipment enters, create a 0/0 black Phyrexian Germ creature token, then attach this to it.) | Equipped creature gets +4/+4 and has vigilance and lifelink. | {3}: Return this Equipment to its owner's hand. | Equip {5}",2xm,Double Masters,234,Mark Zug,mythic,,,"Equip, Living weapon",4.80,3.00,https://scryfall.com/card/2xm/234/batterskull?utm_source=api
Battlemage's Bracers,{2}{R},3,Artifact — Equipment,"Equipped creature has haste. | Whenever an ability of equipped creature is activated, if it isn't a mana ability, you may pay {1}. If you do, copy that ability. You may choose new targets for the copy. | Equip {2}",c21,Commander 2021,48,David Gaillet,rare,R,R,Equip,3.45,3.09,https://scryfall.com/card/c21/48/battlemages-bracers?utm_source=api
Belt of Giant Strength,{1}{G},2,Artifact — Equipment,"Equipped creature has base power and toughness 10/10. | Equip {10}. This ability costs {X} less to activate, where X is the power of the creature it targets.",afc,Forgotten Realms Commander,38,Viko Menezes,rare,G,G,Equip,3.22,3.19,https://scryfall.com/card/afc/38/belt-of-giant-strength?utm_source=api
Bilbo's Ring,{3},3,Legendary Artifact — Equipment,"During your turn, equipped creature has hexproof and can't be blocked. | Whenever equipped creature attacks alone, you draw a card and you lose 1 life. | Equip Halfling {1} ({1}: Attach to target Halfling you control. Equip only as a sorcery.) | Equip {4} ({4}: Attach to target creature you control. Equip only as a sorcery.)",ltr,The Lord of the Rings: Tales of Middle-earth,298,Randy Gallegos,rare,,,Equip,14.33,7.37,https://scryfall.com/card/ltr/298/bilbos-ring?utm_source=api
Biorganic Carapace,{2}{W}{U},4,Artifact — Equipment,"When this Equipment enters, attach it to target creature you control. | Equipped creature gets +2/+2 and has ""Whenever this creature deals combat damage to a player, draw a card for each modified creature you control."" (Equipment, Auras you control, and counters are modifications.) | Equip {2}",spm,Marvel's Spider-Man,124,David Álvarez,rare,U/W,U/W,Equip,0.29,0.17,https://scryfall.com/card/spm/124/biorganic-carapace?utm_source=api
"Bitterthorn, Nissa's Animus",{3},3,Legendary Artifact — Equipment,"Living weapon (When this Equipment enters, create a 0/0 black Phyrexian Germ creature token, then attach this to it.) | Equipped creature gets +1/+1. | Whenever equipped creature attacks, you may search your library for a basic land card, put it onto the battlefield tapped, then shuffle. | Equip {3}",soc,Secrets of Strixhaven Commander,343,Titus Lunter,rare,,,"Equip, Living weapon",5.77,4.11,https://scryfall.com/card/soc/343/bitterthorn-nissas-animus?utm_source=api
Blackblade Reforged,{2},2,Legendary Artifact — Equipment,Equipped creature gets +1/+1 for each land you control. | Equip legendary creature {3} | Equip {7},dmc,Dominaria United Commander,178,Chris Rahn,rare,,,Equip,3.13,1.09,https://scryfall.com/card/dmc/178/blackblade-reforged?utm_source=api
Bladehold Cleaver,{2}{R}{W},4,Artifact — Equipment,"For Mirrodin! | Equipped creature gets +2/+2. | Whenever equipped creature dies, draft a card from Bladehold Cleaver's spellbook. | Equip {3}",yone,Alchemy: Phyrexia,18,Volkan Baǵa,rare,R/W,R/W,"For Mirrodin!, Equip",,,https://scryfall.com/card/yone/18/bladehold-cleaver?utm_source=api
Blade of Selves,{2},2,Artifact — Equipment,"Equipped creature has myriad. (Whenever it attacks, for each opponent other than defending player, you may create a token copy that's tapped and attacking that player or a planeswalker they control. Exile the tokens at end of combat.) | Equip {4}",tdc,Tarkir: Dragonstorm Commander,313,Lie Setiawan,rare,,,Equip,3.13,2.42,https://scryfall.com/card/tdc/313/blade-of-selves?utm_source=api
Blade of Shared Souls,{2}{U},3,Artifact — Equipment,"For Mirrodin! (When this Equipment enters, create a 2/2 red Rebel creature token, then attach this to it.) | Whenever this Equipment becomes attached to a creature, for as long as this Equipment remains attached to it, you may have that creature become a copy of another target creature you control. | Equip {2}",one,Phyrexia: All Will Be One,42,Volkan Baǵa,rare,U,U,"For Mirrodin!, Equip",0.27,0.13,https://scryfall.com/card/one/42/blade-of-shared-souls?utm_source=api
Blade of the Bloodchief,{1},1,Artifact — Equipment,"Whenever a creature dies, put a +1/+1 counter on equipped creature. If equipped creature is a Vampire, put two +1/+1 counters on it instead. | Equip {1}",lcc,The Lost Caverns of Ixalan Commander,300,Jung Park,rare,,,Equip,2.68,3.99,https://scryfall.com/card/lcc/300/blade-of-the-bloodchief?utm_source=api
Blade of the Oni,{1}{B},2,Artifact Creature — Equipment Demon,"Menace | Equipped creature has base power and toughness 5/5, has menace, and is a black Demon in addition to its other colors and types. | Reconfigure {2}{B}{B} ({2}{B}{B}: Attach to target creature you control; or unattach from a creature. Reconfigure only as a sorcery. While attached, this isn't a creature.)",neo,Kamigawa: Neon Dynasty,89,Jason A. Engle,mythic,B,B,"Menace, Reconfigure",0.84,1.24,https://scryfall.com/card/neo/89/blade-of-the-oni?utm_source=api
Blazing Sunsteel,{1}{R},2,Artifact — Equipment,"Equipped creature gets +1/+0 for each opponent you have. | Whenever equipped creature is dealt damage, it deals that much damage to any target. | Equip {4}",cmr,Commander Legends,364,Tyler Jacobson,rare,R,R,Equip,2.67,1.11,https://scryfall.com/card/cmr/364/blazing-sunsteel?utm_source=api
Bloodforged Battle-Axe,{1},1,Artifact — Equipment,"Equipped creature gets +2/+0. | Whenever equipped creature deals combat damage to a player, create a token that's a copy of this Equipment. | Equip {2}",moc,March of the Machine Commander,349,Alayna Danner,rare,,,Equip,2.73,1.14,https://scryfall.com/card/moc/349/bloodforged-battle-axe?utm_source=api
Blue Mage's Cane,{2}{U},3,Artifact — Equipment,"Job select | Equipped creature gets +0/+2, is a Wizard in addition to its other types, and has ""Whenever this creature attacks, exile up to one target instant or sorcery card from defending player's graveyard. If you do, copy it. You may cast the copy by paying {3} rather than paying its mana cost."" | Spirit of the Whalaqee — Equip {2}",fic,Final Fantasy Commander,35,Eglė Mosakaitė,rare,U,U,"Job select, Equip",0.25,0.22,https://scryfall.com/card/fic/35/blue-mages-cane?utm_source=api
Blue Ribbon,{1},1,Artifact — Equipment,"When this Equipment enters, ask a person outside the game which creature you control is most deserving of a blue ribbon. Attach this Equipment to that creature. | Equipped creature has best in show. (Whenever another creature becomes the target of a spell or ability you control, you may copy that spell or ability. If you do, the copy targets this creature.) | Equip {3}",unf,Unfinity,184,Chuck Lukacs,rare,,,Equip,0.11,0.10,https://scryfall.com/card/unf/184/blue-ribbon?utm_source=api
Bonehoard,{4},4,Artifact — Equipment,"Living weapon (When this Equipment enters, create a 0/0 black Phyrexian Germ creature token, then attach this to it.) | Equipped creature gets +X/+X, where X is the number of creature cards in all graveyards. | Equip {2}",nec,Neon Dynasty Commander,147,Chippy,rare,,,"Equip, Living weapon",2.05,0.20,https://scryfall.com/card/nec/147/bonehoard?utm_source=api
Bone Sabres,{2}{G},3,Artifact — Equipment,"Whenever equipped creature attacks, put four +1/+1 counters on it. | Equip {3} ({3}: Attach to target creature you control. Equip only as a sorcery.)",40k,"Warhammer 40,000 Commander",88,David Auden Nash,rare,G,G,Equip,5.44,3.39,https://scryfall.com/card/40k/88/bone-sabres?utm_source=api
Bonesplitter,{1},1,Artifact — Equipment,Equipped creature gets +2/+0. | Equip {1},pal03,Arena League 2003,8,Darrell Riche,rare,,,Equip,,,https://scryfall.com/card/pal03/8/bonesplitter?utm_source=api
Buster Sword,{3},3,Artifact — Equipment,"Equipped creature gets +3/+2. | Whenever equipped creature deals combat damage to a player, draw a card, then you may cast a spell from your hand with mana value less than or equal to that damage without paying its mana cost. | Equip {2}",fin,Final Fantasy,255,Douzen,mythic,,,Equip,40.60,27.73,https://scryfall.com/card/fin/255/buster-sword?utm_source=api
"Caduceus, Staff of Hermes",{2}{W},3,Legendary Artifact — Equipment,"Equipped creature has lifelink. | As long as you have 30 or more life, equipped creature gets +5/+5 and has indestructible and ""Prevent all damage that would be dealt to this creature."" | Equip {W}{W}",acr,Assassin's Creed,2,Evan Shipard,rare,W,W,Equip,6.83,7.20,https://scryfall.com/card/acr/2/caduceus-staff-of-hermes?utm_source=api
Captain's Claws,{2},2,Artifact — Equipment,"Equipped creature gets +1/+0. | Whenever equipped creature attacks, create a 1/1 white Kor Ally creature token that's tapped and attacking. | Equip {1}",ogw,Oath of the Gatewatch,162,Anthony Palumbo,rare,,,Equip,0.35,0.30,https://scryfall.com/card/ogw/162/captains-claws?utm_source=api
Captain's Hook,{3},3,Artifact — Equipment,"Equipped creature gets +2/+0, has menace, and is a Pirate in addition to its other creature types. | Whenever this Equipment becomes unattached from a permanent, destroy that permanent. | Equip {1}",rix,Rivals of Ixalan,177,Sara Winters,rare,,,Equip,0.28,0.14,https://scryfall.com/card/rix/177/captains-hook?utm_source=api
Celestial Armor,{2}{W},3,Artifact — Equipment,"Flash (You may cast this spell any time you could cast an instant.) | When this Equipment enters, attach it to target creature you control. That creature gains hexproof and indestructible until end of turn. | Equipped creature gets +2/+0 and has flying. | Equip {3}{W} ({3}{W}: Attach to target creature you control. Equip only as a sorcery.)",fdn,Foundations,5,Olena Richards,rare,W,W,"Equip, Flash",0.38,0.31,https://scryfall.com/card/fdn/5/celestial-armor?utm_source=api
Chainsaw,{1}{R},2,Artifact — Equipment,"When this Equipment enters, it deals 3 damage to up to one target creature. | Whenever one or more creatures die, put a rev counter on this Equipment. | Equipped creature gets +X/+0, where X is the number of rev counters on this Equipment. | Equip {3}",dsk,Duskmourn: House of Horror,128,J.P. Targete,rare,R,R,Equip,0.76,0.45,https://scryfall.com/card/dsk/128/chainsaw?utm_source=api
Champion's Helm,{3},3,Artifact — Equipment,"Equipped creature gets +2/+2. | As long as equipped creature is legendary, it has hexproof. (It can't be the target of spells or abilities your opponents control.) | Equip {1}",cmm,Commander Masters,375,Alan Pollack,rare,,,Equip,1.90,1.11,https://scryfall.com/card/cmm/375/champions-helm?utm_source=api
Cloudsteel Kirin,{2}{W},3,Artifact Creature — Equipment Kirin,"Flying | Equipped creature has flying and ""You can't lose the game and your opponents can't win the game."" | Reconfigure {5} ({5}: Attach to target creature you control; or unattach from a creature. Reconfigure only as a sorcery. While attached, this isn't a creature.)",neo,Kamigawa: Neon Dynasty,8,Jonathan Kuo,rare,W,W,"Reconfigure, Flying",3.09,0.35,https://scryfall.com/card/neo/8/cloudsteel-kirin?utm_source=api
Colossus Hammer,{1},1,Artifact — Equipment,Equipped creature gets +10/+10 and loses flying. | Equip {8} ({8}: Attach to target creature you control. Equip only as a sorcery.),sld,Secret Lair Drop,1866,Marie Magny,rare,,,Equip,8.83,6.92,https://scryfall.com/card/sld/1866/colossus-hammer?utm_source=api
Commander's Plate,{1},1,Artifact — Equipment,Equipped creature gets +3/+3 and has protection from each color that's not in your commander's color identity. | Equip commander {3} | Equip {5},cmr,Commander Legends,305,Volkan Baǵa,mythic,,,Equip,42.06,36.11,https://scryfall.com/card/cmr/305/commanders-plate?utm_source=api
Conformer Shuriken,{2},2,Legendary Artifact — Equipment,"Equipped creature has ""Whenever this creature attacks, tap target creature defending player controls. If that creature has greater power than this creature, put a number of +1/+1 counters on this creature equal to the difference."" | Equip {2}",fic,Final Fantasy Commander,98,Nakamura8,rare,,,Equip,0.41,0.51,https://scryfall.com/card/fic/98/conformer-shuriken?utm_source=api
Conjurer's Mantle,{1}{W},2,Artifact — Equipment,"Equipped creature gets +1/+1 and has vigilance. | Whenever equipped creature attacks, look at the top six cards of your library. You may reveal a card that shares a creature type with that creature from among them and put it into your hand. Put the rest on the bottom of your library in a random order. | Equip {1}",moc,March of the Machine Commander,12,Fiona Hsieh,rare,W,W,Equip,1.87,1.24,https://scryfall.com/card/moc/12/conjurers-mantle?utm_source=api
Conqueror's Flail,{2},2,Artifact — Equipment,"Equipped creature gets +1/+1 for each color among permanents you control. | As long as this Equipment is attached to a creature, your opponents can't cast spells during your turn. | Equip {2}",2x2,Double Masters 2022,302,Franz Vohwinkel,rare,,,Equip,3.08,1.88,https://scryfall.com/card/2x2/302/conquerors-flail?utm_source=api
Cori-Steel Cutter,{1}{R},2,Artifact — Equipment,"Equipped creature gets +1/+1 and has trample and haste. | Flurry — Whenever you cast your second spell each turn, create a 1/1 white Monk creature token with prowess. You may attach this Equipment to it. (Whenever you cast a noncreature spell, the token gets +1/+1 until end of turn.) | Equip {1}{R}",tdm,Tarkir: Dragonstorm,103,Xabi Gaztelua,rare,R,R,"Flurry, Equip",4.78,7.71,https://scryfall.com/card/tdm/103/cori-steel-cutter?utm_source=api
Cranial Plating,{2},2,Artifact — Equipment,Equipped creature gets +1/+0 for each artifact you control. | {B}{B}: Attach this Equipment to target creature you control. | Equip {1},tsr,Time Spiral Remastered,392,Adam Rex,special,,B,Equip,1.43,0.82,https://scryfall.com/card/tsr/392/cranial-plating?utm_source=api
Crown of Gondor,{3},3,Legendary Artifact — Equipment,"Equipped creature gets +1/+1 for each creature you control. | When a legendary creature you control enters, if there is no monarch, you become the monarch. | Equip {4}. This ability costs {3} less to activate if you're the monarch.",ltc,Tales of Middle-earth Commander,75,Jarel Threat,rare,,,Equip,0.35,0.38,https://scryfall.com/card/ltc/75/crown-of-gondor?utm_source=api
Cryptic Coat,{2}{U},3,Artifact — Equipment,"When this Equipment enters, cloak the top card of your library, then attach this Equipment to it. (To cloak a card, put it onto the battlefield face down as a 2/2 creature with ward {2}. Turn it face up any time for its mana cost if it's a creature card.) | Equipped creature gets +1/+0 and can't be blocked. | {1}{U}: Return this Equipment to its owner's hand.",mkm,Murders at Karlov Manor,50,Julia Metzger,rare,U,U,Cloak,0.28,,https://scryfall.com/card/mkm/50/cryptic-coat?utm_source=api
Dancer's Chakrams,{3}{W},4,Artifact — Equipment,"Job select (When this Equipment enters, create a 1/1 colorless Hero creature token, then attach this to it.) | Equipped creature gets +2/+2, has lifelink and ""Other commanders you control get +2/+2 and have lifelink,"" and is a Performer in addition to its other types. | Krishna — Equip {3}",fic,Final Fantasy Commander,17,Domco.,rare,W,W,"Job select, Equip",0.32,0.35,https://scryfall.com/card/fic/17/dancers-chakrams?utm_source=api
Dancing Sword,{1}{W},2,Artifact — Equipment,"Equipped creature gets +2/+1. | When equipped creature dies, you may have this Equipment become a 2/1 Construct artifact creature with flying and ward {1}. If you do, it isn't an Equipment. | Equip {1}",afr,Adventures in the Forgotten Realms,8,Wisnu Tan,rare,W,W,Equip,0.24,0.15,https://scryfall.com/card/afr/8/dancing-sword?utm_source=api
Darksteel Plate,{3},3,Artifact — Equipment,Indestructible | Equipped creature has indestructible. | Equip {2},2x2,Double Masters 2022,304,Daniel Ljunggren,rare,,,"Indestructible, Equip",6.44,4.30,https://scryfall.com/card/2x2/304/darksteel-plate?utm_source=api
Deathrender,{4},4,Artifact — Equipment,"Equipped creature gets +2/+2. | Whenever equipped creature dies, you may put a creature card from your hand onto the battlefield and attach this Equipment to it. | Equip {2}",cns,Conspiracy,197,Martina Pilcerova,rare,,,Equip,8.09,1.65,https://scryfall.com/card/cns/197/deathrender?utm_source=api
Dire Flail // Dire Blunderbuss,,1,Artifact — Equipment // Artifact — Equipment,,lci,The Lost Caverns of Ixalan,145,Anthony Devine,rare,,R,"Craft, Transform, Equip",0.22,0.12,https://scryfall.com/card/lci/145/dire-flail-dire-blunderbuss?utm_source=api
Dissection Tools,{5},5,Artifact — Equipment,"When this Equipment enters, manifest dread, then attach this Equipment to that creature. | Equipped creature gets +2/+2 and has deathtouch and lifelink. | Equip—Sacrifice a creature.",dsk,Duskmourn: House of Horror,245,Diana Franco,rare,,,"Manifest, Manifest dread, Equip",0.16,0.15,https://scryfall.com/card/dsk/245/dissection-tools?utm_source=api
Doc Ock's Tentacles,{1},1,Artifact — Equipment,"Whenever a creature you control with mana value 5 or greater enters, you may attach this Equipment to it. | Equipped creature gets +4/+4. | Equip {5}",spm,Marvel's Spider-Man,162,David Álvarez,rare,,,Equip,0.41,0.28,https://scryfall.com/card/spm/162/doc-ocks-tentacles?utm_source=api
Dowsing Dagger // Lost Vale,,2,Artifact — Equipment // Land,,xln,Ixalan,235,Florian de Gesincourt,rare,,,"Transform, Equip",6.55,4.72,https://scryfall.com/card/xln/235/dowsing-dagger-lost-vale?utm_source=api
Drach'Nyen,{4}{B}{R},6,Legendary Artifact — Equipment,"Echo of the First Murder — When Drach'Nyen enters, exile up to one target creature. | Daemon Sword — Equipped creature has menace and gets +X/+0, where X is the exiled card's power. | Equip {2} ({2}: Attach to target creature you control. Equip only as a sorcery.)",40k,"Warhammer 40,000 Commander",117,Artur Nakhodkin,rare,B/R,B/R,"Echo of the First Murder, Equip, Daemon Sword",0.40,0.27,https://scryfall.com/card/40k/117/drachnyen?utm_source=api
Dragonfire Blade,{1},1,Artifact — Equipment,Equipped creature gets +2/+2 and has hexproof from monocolored. | Equip {4}. This ability costs {1} less to activate for each color of the creature it targets.,tdm,Tarkir: Dragonstorm,240,Clint Lockwood,rare,,,Equip,1.18,0.80,https://scryfall.com/card/tdm/240/dragonfire-blade?utm_source=api
Dragon Throne of Tarkir,{4},4,Legendary Artifact — Equipment,"Equipped creature has defender and ""{2}, {T}: Other creatures you control gain trample and get +X/+X until end of turn, where X is this creature's power."" | Equip {3}",ktk,Khans of Tarkir,219,Daarken,rare,,,Equip,0.49,0.39,https://scryfall.com/card/ktk/219/dragon-throne-of-tarkir?utm_source=api
Dragonwing Glider,{3}{R}{R},5,Artifact — Equipment,"For Mirrodin! (When this Equipment enters, create a 2/2 red Rebel creature token, then attach this to it.) | Equipped creature gets +2/+2 and has flying and haste. | Equip {3}{R}{R}",one,Phyrexia: All Will Be One,128,Andreas Zafiratos,rare,R,R,"For Mirrodin!, Equip",0.30,0.16,https://scryfall.com/card/one/128/dragonwing-glider?utm_source=api
Dream-Thief's Bandana,{2},2,Artifact — Equipment,"Whenever equipped creature deals combat damage to a player, look at the top card of their library, then exile it face down. For as long as it remains exiled, you may play it, and mana of any type can be spent to cast that spell. | Equip {1}",otc,Outlaws of Thunder Junction Commander,38,Danny Schwartz,rare,,,Equip,2.56,0.68,https://scryfall.com/card/otc/38/dream-thiefs-bandana?utm_source=api
Eater of Virtue,{1},1,Legendary Artifact — Equipment,"Whenever equipped creature dies, exile it. | Equipped creature gets +2/+0. | As long as a card exiled with Eater of Virtue has flying, equipped creature has flying. The same is true for first strike, double strike, deathtouch, haste, hexproof, indestructible, lifelink, menace, protection, reach, trample, and vigilance. | Equip {1}",neo,Kamigawa: Neon Dynasty,245,Tuan Duong Chu,rare,,,Equip,0.37,0.29,https://scryfall.com/card/neo/245/eater-of-virtue?utm_source=api
"Elbrus, the Binding Blade // Withengar Unbound",,7,Legendary Artifact — Equipment // Legendary Creature — Demon,,dka,Dark Ascension,147,Eric Deschamps,mythic,,B,"Flying, Transform, Trample, Equip, Intimidate",6.72,2.41,https://scryfall.com/card/dka/147/elbrus-the-binding-blade-withengar-unbound?utm_source=api
Embercleave,{4}{R}{R},6,Legendary Artifact — Equipment,"Flash | This spell costs {1} less to cast for each attacking creature you control. | When Embercleave enters, attach it to target creature you control. | Equipped creature gets +1/+1 and has double strike and trample. | Equip {3}",eld,Throne of Eldraine,120,Joe Slucher,mythic,R,R,"Equip, Flash",9.33,6.43,https://scryfall.com/card/eld/120/embercleave?utm_source=api
Empyrial Plate,{2},2,Artifact — Equipment,Equipped creature gets +1/+1 for each card in your hand. | Equip {2},c16,Commander 2016,251,Paolo Parente,rare,,,Equip,1.45,0.64,https://scryfall.com/card/c16/251/empyrial-plate?utm_source=api
Excalibur II,{1},1,Legendary Artifact — Equipment,"Whenever you gain life, put a charge counter on Excalibur II. | Equipped creature gets +1/+1 for each charge counter on Excalibur II. | Equip {3}",fin,Final Fantasy,257,Russell Dongjun Lu,rare,,,Equip,0.79,0.45,https://scryfall.com/card/fin/257/excalibur-ii?utm_source=api
"Excalibur, Sword of Eden",{12},12,Legendary Artifact — Equipment,"This spell costs {X} less to cast, where X is the total mana value of historic permanents you control. (Artifacts, legendaries, and Sagas are historic.) | Equipped creature gets +10/+0 and has vigilance. | Equip legendary creature {2}",acr,Assassin's Creed,72,Thanh Tuấn,rare,,,,11.94,10.65,https://scryfall.com/card/acr/72/excalibur-sword-of-eden?utm_source=api
Field-Tested Frying Pan,{2}{W},3,Artifact — Equipment,"When this Equipment enters, create a Food token, then create a 1/1 white Halfling creature token and attach this Equipment to it. | Equipped creature has ""Whenever you gain life, this creature gets +X/+X until end of turn, where X is the amount of life you gained."" | Equip {2}",ltc,Tales of Middle-earth Commander,11,Nino Is,rare,W,W,"Food, Equip",0.32,0.27,https://scryfall.com/card/ltc/11/field-tested-frying-pan?utm_source=api
Fiendlash,{1}{R},2,Artifact — Equipment,"Equipped creature gets +2/+0 and has reach. | Whenever equipped creature is dealt damage, it deals damage equal to its power to target player or planeswalker. | Equip {2}{R}",afc,Forgotten Realms Commander,31,Antonio José Manzanedo,rare,R,R,Equip,0.31,0.47,https://scryfall.com/card/afc/31/fiendlash?utm_source=api
Fishing Gear,{3},3,Artifact — Equipment,"Whenever equipped creature deals combat damage to a player, exile the top card of that player's library. If it's a permanent card, you may put it onto the battlefield under your control. If you don't, create a 1/1 blue Fish creature token. | Equip {2}",fic,Final Fantasy Commander,461,Winona Nelson,rare,,,Equip,12.14,6.61,https://scryfall.com/card/fic/461/fishing-gear?utm_source=api
Foot Chopper,{1}{B},2,Artifact — Equipment,"When this Equipment enters, create a 1/1 black Ninja creature token, then attach this Equipment to it. | Equipped creature has flying. | Whenever equipped creature deals combat damage to a player, you may sacrifice it. If you do, draw cards equal to its power. | Equip {2}",tmc,Teenage Mutant Ninja Turtles Eternal,17,Adrián Rodríguez Pérez,rare,B,B,Equip,0.32,0.28,https://scryfall.com/card/tmc/17/foot-chopper?utm_source=api
Forebear's Blade,{3},3,Artifact — Equipment,"Equipped creature gets +3/+0 and has vigilance and trample. | Whenever equipped creature dies, attach this Equipment to target creature you control. | Equip {3}",dom,Dominaria,214,Scott Murphy,rare,,,Equip,0.36,0.25,https://scryfall.com/card/dom/214/forebears-blade?utm_source=api
Forgeborn Phoenix,{1}{R}{R},3,Artifact Creature — Equipment Phoenix,"Flying | Equipped creature has flying. | Whenever Forgeborn Phoenix or equipped creature dies, it perpetually gains ""Whenever an equipped creature you control deals combat damage to a player or planeswalker, return this card from your graveyard to battlefield tapped."" | Reconfigure {R} ({R}: Attach to target creature you control; or unattach from a creature. Reconfigure only as a sorcery. While attached, this isn't a creature.)",yneo,Alchemy: Kamigawa,23,Devin Platts,mythic,R,R,"Reconfigure, Flying",,,https://scryfall.com/card/yneo/23/forgeborn-phoenix?utm_source=api
Foundry Beetle,{1}{R},2,Artifact Creature — Equipment Insect,"First strike | Equipped creature has first strike. | At the beginning of your upkeep, a random artifact card in your hand perpetually gains ""This spell costs {1} less to cast."" | Reconfigure {R} ({R}: Attach to target creature you control; or unattach from a creature. Reconfigure only as a sorcery. While attached, this isn't a creature.)",yneo,Alchemy: Kamigawa,19,Jamroz Gary,rare,R,R,"First strike, Reconfigure",,,https://scryfall.com/card/yneo/19/foundry-beetle?utm_source=api
Fractal Harness,{X}{2}{G},3,Artifact — Equipment,"When this Equipment enters, create a 0/0 green and blue Fractal creature token. Put X +1/+1 counters on it and attach this Equipment to it. | Whenever equipped creature attacks, double the number of +1/+1 counters on it. | Equip {2}",soc,Secrets of Strixhaven Commander,268,Yeong-Hao Han,rare,G,G,Equip,0.40,0.24,https://scryfall.com/card/soc/268/fractal-harness?utm_source=api
Gavel of the Righteous,{2},2,Artifact — Equipment,"At the beginning of combat on your turn, put a charge counter on this Equipment. | Equipped creature gets +1/+1 for each counter on this Equipment. | As long as this Equipment has four or more counters on it, equipped creature has double strike. | Equip—Pay {3} or remove a counter from this Equipment.",eoc,Edge of Eternities Commander,55,David Palumbo,rare,,,Equip,0.28,2.00,https://scryfall.com/card/eoc/55/gavel-of-the-righteous?utm_source=api
General's Kabuto,{4},4,Artifact — Equipment,Equipped creature has shroud. (It can't be the target of spells or abilities.) | Prevent all combat damage that would be dealt to equipped creature. | Equip {2} ({2}: Attach to target creature you control. Equip only as a sorcery.),chk,Champions of Kamigawa,251,Alex Horley-Orlandelli,rare,,,Equip,7.41,2.62,https://scryfall.com/card/chk/251/generals-kabuto?utm_source=api
Genji Glove,{5},5,Artifact — Equipment,"Equipped creature has double strike. | Whenever equipped creature attacks, if it's the first combat phase of the turn, untap it. After this phase, there is an additional combat phase. | Equip {3}",fin,Final Fantasy,258,Elizabeth Peiró,rare,,,Equip,5.01,2.81,https://scryfall.com/card/fin/258/genji-glove?utm_source=api
Ghostfire Blade,{1},1,Artifact — Equipment,Equipped creature gets +2/+2. | Equip {3} | This Equipment's equip ability costs {2} less to activate if it targets a colorless creature.,ktk,Khans of Tarkir,220,Cyril Van Der Haegen,rare,,,Equip,0.23,0.17,https://scryfall.com/card/ktk/220/ghostfire-blade?utm_source=api
Gisa's Favorite Shovel,{1}{B},2,Legendary Artifact — Equipment,"Equipped creature gets +2/+0 and has menace. | Whenever equipped creature attacks, defending player sacrifices a creature of their choice. If they do, you create a Walker token. | Equip {4}",slx,Universes Within,19,Svetlin Velinov,mythic,B,B,Equip,24.24,12.77,https://scryfall.com/card/slx/19/gisas-favorite-shovel?utm_source=api
Glamdring,{2},2,Legendary Artifact — Equipment,"Equipped creature has first strike and gets +1/+0 for each instant and sorcery card in your graveyard. | Whenever equipped creature deals combat damage to a player, you may cast an instant or sorcery spell from your hand with mana value less than or equal to that damage without paying its mana cost. | Equip {3}",ltr,The Lord of the Rings: Tales of Middle-earth,239,Andrea Piparo,mythic,,,Equip,2.22,1.27,https://scryfall.com/card/ltr/239/glamdring?utm_source=api
Glimmer Lens,{1}{W},2,Artifact — Equipment,"For Mirrodin! (When this Equipment enters, create a 2/2 red Rebel creature token, then attach this to it.) | Whenever equipped creature and at least one other creature attack, draw a card. | Equip {1}{W}",onc,Phyrexia: All Will Be One Commander,6,Sidharth Chaturvedi,rare,W,W,"For Mirrodin!, Equip",2.95,2.06,https://scryfall.com/card/onc/6/glimmer-lens?utm_source=api
Godsend,{1}{W}{W},3,Legendary Artifact — Equipment,"Equipped creature gets +3/+3. | Whenever equipped creature blocks or becomes blocked by one or more creatures, you may exile one of those creatures. | Your opponents can't cast spells with the same name as a card exiled with Godsend. | Equip {3}",jou,Journey into Nyx,12,Daniel Ljunggren,mythic,W,W,Equip,3.84,2.30,https://scryfall.com/card/jou/12/godsend?utm_source=api
Grappling Hook,{4},4,Artifact — Equipment,"Equipped creature has double strike. | Whenever equipped creature attacks, you may have target creature block it this turn if able. | Equip {4}",c17,Commander 2017,212,Philip Straub,rare,,,Equip,0.93,0.39,https://scryfall.com/card/c17/212/grappling-hook?utm_source=api
"Halvar, God of Battle // Sword of the Realms",,4,Legendary Creature — God // Legendary Artifact — Equipment,,khm,Kaldheim,15,Lie Setiawan,mythic,,W,Equip,29.74,21.29,https://scryfall.com/card/khm/15/halvar-god-of-battle-sword-of-the-realms?utm_source=api
Hammer of Nazahn,{4},4,Legendary Artifact — Equipment,"Whenever Hammer of Nazahn or another Equipment you control enters, you may attach that Equipment to target creature you control. | Equipped creature gets +2/+0 and has indestructible. | Equip {4}",cmm,Commander Masters,388,Victor Adame Minguez,rare,,,Equip,16.04,11.72,https://scryfall.com/card/cmm/388/hammer-of-nazahn?utm_source=api
Hand of Vecna,{3},3,Legendary Artifact — Equipment,"At the beginning of combat on your turn, equipped creature or a creature you control named Vecna gets +X/+X until end of turn, where X is the number of cards in your hand. | Equip—Pay 1 life for each card in your hand. | Equip {2}",afr,Adventures in the Forgotten Realms,246,Irina Nordsol,rare,,,Equip,0.36,0.16,https://scryfall.com/card/afr/246/hand-of-vecna?utm_source=api
Haunted Plate Mail,{4},4,Artifact — Equipment,"Equipped creature gets +4/+4. | {0}: Until end of turn, this permanent becomes a 4/4 Spirit artifact creature that's no longer an Equipment. Activate only if you control no creatures. | Equip {4} ({4}: Attach to target creature you control. Equip only as a sorcery.)",m15,Magic 2015,218,Izzy,rare,,,Equip,0.13,0.13,https://scryfall.com/card/m15/218/haunted-plate-mail?utm_source=api
Heartseeker,{4},4,Artifact — Equipment,"Equipped creature gets +2/+1 and has ""{T}, Unattach Heartseeker: Destroy target creature."" | Equip {5} ({5}: Attach to target creature you control. Equip only as a sorcery.)",dst,Darksteel,124,Michael Sutfin,rare,,,Equip,1.55,0.64,https://scryfall.com/card/dst/124/heartseeker?utm_source=api
Hedron Matrix,{4},4,Artifact — Equipment,"Equipped creature gets +X/+X, where X is its mana value. | Equip {4}",cn2,Conspiracy: Take the Crown,209,Jaime Jones,rare,,,Equip,0.38,0.26,https://scryfall.com/card/cn2/209/hedron-matrix?utm_source=api
Heirloom Blade,{3},3,Artifact — Equipment,"Equipped creature gets +3/+1. | Whenever equipped creature dies, you may reveal cards from the top of your library until you reveal a creature card that shares a creature type with it. Put that card into your hand and the rest on the bottom of your library in a random order. | Equip {1}",pw24,Wizards Play Network 2024,16,Carmen Sinek,rare,,,Equip,0.34,0.21,https://scryfall.com/card/pw24/16/heirloom-blade?utm_source=api
Helm of Kaldra,{3},3,Legendary Artifact — Equipment,"Equipped creature has first strike, trample, and haste. | {1}: If you control Equipment named Helm of Kaldra, Sword of Kaldra, and Shield of Kaldra, create Kaldra, a legendary 4/4 colorless Avatar creature token. Attach those Equipment to it. | Equip {2}",5dn,Fifth Dawn,131,Donato Giancola,rare,,,Equip,3.90,1.33,https://scryfall.com/card/5dn/131/helm-of-kaldra?utm_source=api
Helm of the Gods,{1},1,Artifact — Equipment,Equipped creature gets +1/+1 for each enchantment you control. | Equip {1} ({1}: Attach to target creature you control. Equip only as a sorcery.),ori,Magic Origins,230,Anthony Palumbo,rare,,,Equip,2.42,2.56,https://scryfall.com/card/ori/230/helm-of-the-gods?utm_source=api
Helm of the Host,{4},4,Legendary Artifact — Equipment,"At the beginning of combat on your turn, create a token that's a copy of equipped creature, except the token isn't legendary. That token gains haste. | Equip {5}",dom,Dominaria,217,Igor Kieryluk,rare,,,Equip,11.39,5.98,https://scryfall.com/card/dom/217/helm-of-the-host?utm_source=api
Hexplate Wallbreaker,{3}{R}{R},5,Artifact — Equipment,"For Mirrodin! (When this Equipment enters, create a 2/2 red Rebel creature token, then attach this to it.) | Equipped creature gets +2/+2. | Whenever equipped creature attacks, if it's the first combat phase of the turn, untap each attacking creature. After this phase, there is an additional combat phase. | Equip {3}{R}",onc,Phyrexia: All Will Be One Commander,14,Aaron Miller,rare,R,R,"For Mirrodin!, Equip",8.04,4.98,https://scryfall.com/card/onc/14/hexplate-wallbreaker?utm_source=api
Hidden Blade,{2},2,Artifact — Equipment,"Flash | When this Equipment enters, attach it to target creature you control. If that creature is an Assassin, it gains deathtouch until end of turn. | Equipped creature gets +1/+0 and has first strike. | Equip {2}",acr,Assassin's Creed,307,Evyn Fong,rare,,,"Equip, Flash",,,https://scryfall.com/card/acr/307/hidden-blade?utm_source=api
Holy Avenger,{2}{W},3,Artifact — Equipment,"Equipped creature has double strike. | Whenever equipped creature deals combat damage, you may put an Aura card from your hand onto the battlefield attached to it. | Equip {2}{W}",afc,Forgotten Realms Commander,6,Milivoj Ćeran,rare,W,W,Equip,0.62,0.42,https://scryfall.com/card/afc/6/holy-avenger?utm_source=api
Horn of Valhalla // Ysgard's Call,{1}{W} // {X}{W}{W},2,Artifact — Equipment // Sorcery — Adventure,,clb,Commander Legends: Battle for Baldur's Gate,26,John Severin Brassell,rare,W,W,Equip,0.82,0.65,https://scryfall.com/card/clb/26/horn-of-valhalla-ysgards-call?utm_source=api
Illusionist's Bracers,{2},2,Artifact — Equipment,"Whenever an ability of equipped creature is activated, if it isn't a mana ability, copy that ability. You may choose new targets for the copy. | Equip {3}",rvr,Ravnica Remastered,260,Svetlin Velinov,rare,,,Equip,5.12,,https://scryfall.com/card/rvr/260/illusionists-bracers?utm_source=api
Improvised Arsenal,{1}{R},2,Artifact — Equipment,Equipped creature gets +1/+0 for each artifact you control. | {4}{R}: Create a token that's a copy of this Equipment. | Equip {R},tmt,Teenage Mutant Ninja Turtles,92,Leanna Crossan,rare,R,R,Equip,0.63,0.41,https://scryfall.com/card/tmt/92/improvised-arsenal?utm_source=api
Inchblade Companion,{W},1,Artifact Creature — Equipment Insect,"Equipped creature gets +1/+1. | Whenever Inchblade Companion becomes attached to a creature, create a token that's a copy of Inchblade Companion, except it doesn't have this ability. This ability triggers only once each turn. | Reconfigure {2} ({2}: Attach to target creature you control; or unattach from a creature. Reconfigure only as a sorcery. While attached, this isn't a creature.)",yneo,Alchemy: Kamigawa,2,Bartek Fedyczak,rare,W,W,Reconfigure,,,https://scryfall.com/card/yneo/2/inchblade-companion?utm_source=api
Infantry Shield,{2}{R},3,Artifact — Equipment,"Equipped creature has menace and mobilize X, where X is its power. (Whenever it attacks, create X tapped and attacking 1/1 red Warrior creature tokens. Sacrifice them at the beginning of the next end step.) | Equip {2}",tdc,Tarkir: Dragonstorm Commander,35,Xabi Gaztelua,rare,R,R,Equip,0.57,0.83,https://scryfall.com/card/tdc/35/infantry-shield?utm_source=api
Inquisitorial Rosette,{2},2,Artifact — Equipment,"Inquisition Agents — Whenever equipped creature attacks, create a 2/2 white Astartes Warrior creature token with vigilance that's attacking. Then attacking creatures gain menace until end of turn. | Equip {3} ({3}: Attach to target creature you control. Equip only as a sorcery.)",40k,"Warhammer 40,000 Commander",159,Álvaro Calvo Escudero,rare,,,"Equip, Inquisition Agents",1.06,1.01,https://scryfall.com/card/40k/159/inquisitorial-rosette?utm_source=api
Junk Jet,{1}{R},2,Artifact — Equipment,"When this Equipment enters, create a Junk token. (It's an artifact with ""{T}, Sacrifice this token: Exile the top card of your library. You may play that card this turn. Activate only as a sorcery."") | {3}, Sacrifice another artifact: Double equipped creature's power until end of turn. | Equip {1}",pip,Fallout,60,Billy Christian,rare,R,R,Equip,0.27,0.22,https://scryfall.com/card/pip/60/junk-jet?utm_source=api
Kaldra Compleat,{7},7,Legendary Artifact — Equipment,"Living weapon | Indestructible | Equipped creature gets +5/+5 and has first strike, trample, indestructible, haste, and ""Whenever this creature deals combat damage to a creature, exile that creature."" | Equip {7}",cmm,Commander Masters,958,Vincent Proce,mythic,,,"Indestructible, Equip, Living weapon",7.64,5.04,https://scryfall.com/card/cmm/958/kaldra-compleat?utm_source=api
Kemba's Banner,{3}{W},4,Artifact — Equipment,"For Mirrodin! (When this Equipment enters, create a 2/2 red Rebel creature token, then attach this to it.) | Equipped creature gets +1/+1 for each creature you control. | Equip {2}{W}",onc,Phyrexia: All Will Be One Commander,7,Wisnu Tan,rare,W,W,"For Mirrodin!, Equip",0.34,0.26,https://scryfall.com/card/onc/7/kembas-banner?utm_source=api
Killer Cosplay,{G},1,Artifact — Equipment,"Whenever this Equipment becomes attached to a creature, choose a creature card name with an identical mana cost. That creature becomes a copy of the card with the chosen name until this Equipment becomes unattached from it. | Equip {3}",unf,Unfinity,145,Leonardo Santanna,mythic,G,G,Equip,0.15,0.30,https://scryfall.com/card/unf/145/killer-cosplay?utm_source=api
Komainu Battle Armor,{2}{R},3,Artifact Creature — Equipment Dog,"Menace | Equipped creature gets +2/+2 and has menace. | Whenever this creature or equipped creature deals combat damage to a player, goad each creature that player controls. | Reconfigure {4} ({4}: Attach to target creature you control; or unattach from a creature. Reconfigure only as a sorcery. While attached, this isn't a creature.)",nec,Neon Dynasty Commander,21,Néstor Ossandón Leal,rare,R,R,"Goad, Menace, Reconfigure",4.89,3.47,https://scryfall.com/card/nec/21/komainu-battle-armor?utm_source=api
Konda's Banner,{2},2,Legendary Artifact — Equipment,Konda's Banner can be attached only to a legendary creature. | Creatures that share a color with equipped creature get +1/+1. | Creatures that share a creature type with equipped creature get +1/+1. | Equip {2},chk,Champions of Kamigawa,259,Donato Giancola,rare,,,Equip,11.80,4.75,https://scryfall.com/card/chk/259/kondas-banner?utm_source=api
Kusari-Gama,{3},3,Artifact — Equipment,"Equipped creature has ""{2}: This creature gets +1/+0 until end of turn."" | Whenever equipped creature deals damage to a blocking creature, this Equipment deals that much damage to each other creature defending player controls. | Equip {3} ({3}: Attach to target creature you control. Equip only as a sorcery.)",chk,Champions of Kamigawa,260,Tomas Giorello,rare,,,Equip,5.98,1.29,https://scryfall.com/card/chk/260/kusari-gama?utm_source=api
Lashwrithe,{4},4,Artifact — Equipment,"Living weapon (When this Equipment enters, create a 0/0 black Phyrexian Germ creature token, then attach this to it.) | Equipped creature gets +1/+1 for each Swamp you control. | Equip {B/P}{B/P} ({B/P} can be paid with either {B} or 2 life.)",c14,Commander 2014,245,Jason Felix,rare,,B,"Equip, Living weapon",0.84,0.53,https://scryfall.com/card/c14/245/lashwrithe?utm_source=api
Leering Emblem,{2},2,Artifact — Equipment,"Whenever you cast a spell, equipped creature gets +2/+2 until end of turn. | Equip {2}",eve,Eventide,171,Ron Brown,rare,,,Equip,2.74,1.09,https://scryfall.com/card/eve/171/leering-emblem?utm_source=api
Leyline Axe,{4},4,Artifact — Equipment,"If this card is in your opening hand, you may begin the game with it on the battlefield. | Equipped creature gets +1/+1 and has double strike and trample. | Equip {3} ({3}: Attach to target creature you control. Equip only as a sorcery.)",fdn,Foundations,129,Edgar Sánchez Hidalgo,rare,,,Equip,1.51,1.46,https://scryfall.com/card/fdn/129/leyline-axe?utm_source=api
Lightning Greaves,{2},2,Artifact — Equipment,Equipped creature has haste and shroud. (It can't be the target of spells or abilities.) | Equip {0},sld,Secret Lair Drop,2526,Bastien L. Deharme,rare,,,Equip,,,https://scryfall.com/card/sld/2526/lightning-greaves?utm_source=api
Lion Sash,{1}{W},2,Artifact Creature — Equipment Cat,"{W}: Exile target card from a graveyard. If it was a permanent card, put a +1/+1 counter on this permanent. | Equipped creature gets +1/+1 for each +1/+1 counter on this Equipment. | Reconfigure {2} ({2}: Attach to target creature you control; or unattach from a creature. Reconfigure only as a sorcery. While attached, this isn't a creature.)",neo,Kamigawa: Neon Dynasty,26,Yongjae Choi,rare,W,W,Reconfigure,3.02,1.73,https://scryfall.com/card/neo/26/lion-sash?utm_source=api
Livewire Lash,{2},2,Artifact — Equipment,"Equipped creature gets +2/+0 and has ""Whenever this creature becomes the target of a spell, this creature deals 2 damage to any target."" | Equip {2}",som,Scars of Mirrodin,172,Daniel Ljunggren,rare,,,Equip,0.35,0.28,https://scryfall.com/card/som/172/livewire-lash?utm_source=api
Lizard Blades,{1}{R},2,Artifact Creature — Equipment Lizard,"Double strike | Equipped creature has double strike. | Reconfigure {2} ({2}: Attach to target creature you control; or unattach from a creature. Reconfigure only as a sorcery. While attached, this isn't a creature.)",neo,Kamigawa: Neon Dynasty,153,Jason Kang,rare,R,R,"Double strike, Reconfigure",2.37,2.05,https://scryfall.com/card/neo/153/lizard-blades?utm_source=api
Lost Jitte,{1},1,Legendary Artifact — Equipment,"Whenever equipped creature deals combat damage, put a charge counter on Lost Jitte. | Remove a charge counter from Lost Jitte: Choose one — | • Untap target land. | • Target creature can't block this turn. | • Put a +1/+1 counter on equipped creature. | Equip {1}",big,The Big Score,23,Yeong-Hao Han,mythic,,,Equip,4.53,4.93,https://scryfall.com/card/big/23/lost-jitte?utm_source=api
Lothlórien Blade,{3},3,Artifact — Equipment,"Whenever equipped creature attacks, it deals damage equal to its power to target creature defending player controls. | Equip Elf {2} | Equip {5}",ltc,Tales of Middle-earth Commander,77,Zuzanna Wużyk,rare,,,Equip,0.32,0.14,https://scryfall.com/card/ltc/77/lothl%C3%B3rien-blade?utm_source=api
Lotus Ring,{3},3,Artifact — Equipment,"Indestructible | Equipped creature gets +3/+3 and has vigilance and ""{T}, Sacrifice this creature: Add three mana of any one color."" | Equip {3}",big,The Big Score,24,Alayna Danner,mythic,,,"Indestructible, Equip",1.39,0.83,https://scryfall.com/card/big/24/lotus-ring?utm_source=api
Loxodon Warhammer,{3},3,Artifact — Equipment,Equipped creature gets +3/+0 and has trample and lifelink. | Equip {3},c21,Commander 2021,249,Jeremy Jarvis,rare,,,Equip,2.48,0.50,https://scryfall.com/card/c21/249/loxodon-warhammer?utm_source=api
"Luxior, Giada's Gift",{1},1,Legendary Artifact — Equipment,Equipped creature gets +1/+1 for each counter on it. | Equipped permanent isn't a planeswalker and is a creature in addition to its other types. (Loyalty abilities can still be activated.) | Equip planeswalker {1} | Equip {3},snc,Streets of New Capenna,240,Volkan Baǵa,mythic,,,Equip,4.21,3.17,https://scryfall.com/card/snc/240/luxior-giadas-gift?utm_source=api
Mace of the Valiant,{2}{W},3,Artifact — Equipment,"Equipped creature gets +1/+1 for each charge counter on this Equipment and has vigilance. (Attacking doesn't cause it to tap.) | Whenever a creature you control enters, put a charge counter on this Equipment. | Equip {3}",eld,Throne of Eldraine,314,Aaron Miller,rare,W,W,Equip,0.24,0.20,https://scryfall.com/card/eld/314/mace-of-the-valiant?utm_source=api
Machinist's Arsenal,{4}{W},5,Artifact — Equipment,"Job select (When this Equipment enters, create a 1/1 colorless Hero creature token, then attach this to it.) | Equipped creature gets +2/+2 for each artifact you control and is an Artificer in addition to its other types. | Machina — Equip {4} ({4}: Attach to target creature you control. Equip only as a sorcery.)",fin,Final Fantasy,23,Thanh Tuấn,rare,W,W,"Machina, Job select, Equip",0.73,0.39,https://scryfall.com/card/fin/23/machinists-arsenal?utm_source=api
Magebane Armor,{3},3,Artifact — Equipment,Equipped creature gets +2/+4 and loses flying. | Prevent all noncombat damage that would be dealt to equipped creature. | Equip {2} ({2}: Attach to target creature you control. Equip only as a sorcery.),m10,Magic 2010,214,Izzy,rare,,,Equip,0.95,0.78,https://scryfall.com/card/m10/214/magebane-armor?utm_source=api
Magitek Scythe,{4},4,Artifact — Equipment,"A Test of Your Reflexes! — When this Equipment enters, you may attach it to target creature you control. If you do, that creature gains first strike until end of turn and must be blocked this turn if able. | Equipped creature gets +2/+1. | Equip {2}",fin,Final Fantasy,562,Thanh Tuấn,rare,,,"Equip, A Test of Your Reflexes!",0.38,0.50,https://scryfall.com/card/fin/562/magitek-scythe?utm_source=api
Mask of Griselbrand,{1}{B}{B},3,Legendary Artifact — Equipment,"Equipped creature has flying and lifelink. | Whenever equipped creature dies, you may pay X life, where X is its power. If you do, draw X cards. | Equip {3}",dsc,Duskmourn: House of Horror Commander,145,Jason Felix,rare,B,B,Equip,0.57,0.46,https://scryfall.com/card/dsc/145/mask-of-griselbrand?utm_source=api
Mask of Memory,{2},2,Artifact — Equipment,"Whenever equipped creature deals combat damage to a player, you may draw two cards. If you do, discard a card. | Equip {1} ({1}: Attach to target creature you control. Equip only as a sorcery.)",sld,Secret Lair Drop,2309,TAPIOCA,rare,,,Equip,2.97,4.46,https://scryfall.com/card/sld/2309/mask-of-memory?utm_source=api
Mask of the Schemer,{2}{U},3,Artifact — Equipment,"Whenever equipped creature deals combat damage to a player, it connives X, where X is the amount of damage it dealt to that player. (Draw X cards, then discard X cards. Put a +1/+1 counter on that creature for each nonland card discarded this way.) | Equip {2}",ncc,New Capenna Commander,28,James Paick,rare,U,U,"Equip, Connive",0.36,0.20,https://scryfall.com/card/ncc/28/mask-of-the-schemer?utm_source=api
Masterwork of Ingenuity,{1},1,Artifact — Equipment,You may have this Equipment enter as a copy of any Equipment on the battlefield.,afc,Forgotten Realms Commander,209,Ulrich Brunin,rare,,,,1.12,0.98,https://scryfall.com/card/afc/209/masterwork-of-ingenuity?utm_source=api
Maul of the Skyclaves,{2}{W},3,Artifact — Equipment,"When this Equipment enters, attach it to target creature you control. | Equipped creature gets +2/+2 and has flying and first strike.(It deals combat damage before creatures without first strike.) | Equip {2}{W}{W}",moc,March of the Machine Commander,195,Joseph Meehan,rare,W,W,Equip,0.34,0.18,https://scryfall.com/card/moc/195/maul-of-the-skyclaves?utm_source=api
Mirrormind Crown,{4},4,Artifact — Equipment,"As long as this Equipment is attached to a creature, the first time you would create one or more tokens each turn, you may instead create that many tokens that are copies of equipped creature. | Equip {2}",ecl,Lorwyn Eclipsed,258,Dan Frazier,rare,,,Equip,1.68,0.43,https://scryfall.com/card/ecl/258/mirrormind-crown?utm_source=api
Mithril Coat,{3},3,Legendary Artifact — Equipment,"Flash | Indestructible | When Mithril Coat enters, attach it to target legendary creature you control. | Equipped creature has indestructible. | Equip {3}",ltr,The Lord of the Rings: Tales of Middle-earth,245,Igor Krstic,rare,,,"Indestructible, Equip, Flash",26.97,15.04,https://scryfall.com/card/ltr/245/mithril-coat?utm_source=api
"Mjölnir, Storm Hammer",{4},4,Legendary Artifact — Equipment,"When Mjölnir enters, attach it to target legendary creature you control. | Whenever equipped creature attacks, tap target creature defending player controls and put a stun counter on it. Then Mjölnir deals damage to each opponent equal to the number of tapped creatures that opponent controls. | Equip {4}",acr,Assassin's Creed,74,L J Koh,rare,,,Equip,1.33,1.50,https://scryfall.com/card/acr/74/mj%C3%B6lnir-storm-hammer?utm_source=api
Moonsilver Spear,{4},4,Artifact — Equipment,"Equipped creature has first strike. | Whenever equipped creature attacks, create a 4/4 white Angel creature token with flying. | Equip {4}",afc,Forgotten Realms Commander,212,James Paick,rare,,,Equip,0.62,0.53,https://scryfall.com/card/afc/212/moonsilver-spear?utm_source=api
Multiclass Baldric,{1},1,Artifact — Equipment,"Equipped creature has lifelink if you control a Cleric, deathtouch if you control a Rogue, haste if you control a Warrior, and flying if you control a Wizard. | As long as you have a full party, prevent all damage that would be dealt to equipped creature. | Equip {2}",clb,Commander Legends: Battle for Baldur's Gate,684,Franz Vohwinkel,rare,,,Equip,0.53,0.60,https://scryfall.com/card/clb/684/multiclass-baldric?utm_source=api
My Precious // Allure of Power,{3} // {1}{B},3,Legendary Artifact — Equipment // Instant — Adventure,,hob,The Hobbit,176,Valera Lutfullina,rare,,B,Equip,,,https://scryfall.com/card/hob/176/my-precious-allure-of-power?utm_source=api
Nazgûl Battle-Mace,{5},5,Artifact — Equipment,"Equipped creature has menace, deathtouch, annihilator 1, and ""Whenever an opponent sacrifices a nontoken permanent, put that card onto the battlefield under your control unless that player pays 3 life."" (Whenever a creature with annihilator 1 attacks, defending player sacrifices a permanent of their choice.) | Equip {3}",ltc,Tales of Middle-earth Commander,510,Campbell White,rare,,,Equip,19.40,8.19,https://scryfall.com/card/ltc/510/nazg%C3%BBl-battle-mace?utm_source=api
Neko-Te,{3},3,Artifact — Equipment,"Whenever equipped creature deals damage to a creature, tap that creature. That creature doesn't untap during its controller's untap step for as long as this Equipment remains on the battlefield. | Whenever equipped creature deals damage to a player, that player loses 1 life. | Equip {2}",bok,Betrayers of Kamigawa,155,Alex Horley-Orlandelli,rare,,,Equip,5.03,0.98,https://scryfall.com/card/bok/155/neko-te?utm_source=api
Nettlecyst,{3},3,Artifact — Equipment,"Living weapon (When this Equipment enters, create a 0/0 black Phyrexian Germ creature token, then attach this to it.) | Equipped creature gets +1/+1 for each artifact and/or enchantment you control. | Equip {2}",mkc,Murders at Karlov Manor Commander,233,Vincent Proce,rare,,,"Equip, Living weapon",3.12,1.94,https://scryfall.com/card/mkc/233/nettlecyst?utm_source=api
Nightmare Lash,{4},4,Artifact — Equipment,Equipped creature gets +1/+1 for each Swamp you control. | Equip—Pay 3 life. (Pay 3 life: Attach to target creature you control. Equip only as a sorcery.),mrd,Mirrodin,219,Puddnhead,rare,,,Equip,6.47,1.10,https://scryfall.com/card/mrd/219/nightmare-lash?utm_source=api
Nim Deathmantle,{2},2,Artifact — Equipment,"Equipped creature gets +2/+2, has intimidate, and is a black Zombie. (A creature with intimidate can't be blocked except by artifact creatures and/or creatures that share a color with it.) | Whenever a nontoken creature is put into your graveyard from the battlefield, you may pay {4}. If you do, return that card to the battlefield and attach this Equipment to it. | Equip {4}",2x2,Double Masters 2022,309,Karl Kopinski,rare,,,Equip,3.45,2.22,https://scryfall.com/card/2x2/309/nim-deathmantle?utm_source=api
Ninja's Blades,{2}{B},3,Artifact — Equipment,"Job select | Equipped creature gets +1/+1, is a Ninja in addition to its other types, and has ""Whenever this creature deals combat damage to a player, draw a card, then discard a card. That player loses life equal to the discarded card's mana value."" | Mutsunokami — Equip {2}",fin,Final Fantasy,108,Immanuela Crovius,rare,B,B,"Job select, Equip, Mutsunokami",0.38,0.36,https://scryfall.com/card/fin/108/ninjas-blades?utm_source=api
Nuka-Nuke Launcher,{2},2,Artifact — Equipment,"Equipped creature gets +3/+0 and has intimidate. (It can't be blocked except by artifact creatures and/or creatures that share a color with it.) | Whenever equipped creature attacks, until the end of defending player's next turn, that player gets two rad counters whenever they cast a spell. | Equip {3}",pip,Fallout,138,Uriah Voth,rare,,,Equip,0.36,0.24,https://scryfall.com/card/pip/138/nuka-nuke-launcher?utm_source=api
"Oathkeeper, Takeno's Daisho",{3},3,Legendary Artifact — Equipment,"Equipped creature gets +3/+1. | Whenever equipped creature dies, return that card to the battlefield under your control if it's a Samurai card. | When Oathkeeper is put into a graveyard from the battlefield, exile equipped creature. | Equip {2}",chk,Champions of Kamigawa,265,Arnie Swekel,rare,,,Equip,20.52,3.38,https://scryfall.com/card/chk/265/oathkeeper-takenos-daisho?utm_source=api
Ogre-Head Helm,{1}{R},2,Artifact Creature — Equipment Ogre,"Equipped creature gets +2/+2. | Whenever this creature or equipped creature deals combat damage to a player, you may sacrifice it. If you do, discard your hand, then draw three cards. | Reconfigure {3} ({3}: Attach to target creature you control; or unattach from a creature. Reconfigure only as a sorcery. While attached, this isn't a creature.)",neo,Kamigawa: Neon Dynasty,155,Viko Menezes,rare,R,R,Reconfigure,0.23,0.14,https://scryfall.com/card/neo/155/ogre-head-helm?utm_source=api
Pact Weapon,{3}{B},4,Artifact — Equipment,"As long as this Equipment is attached to a creature, you don't lose the game for having 0 or less life. | Whenever equipped creature attacks, draw a card and reveal it. The creature gets +X/+X until end of turn and you lose X life, where X is that card's mana value. | Equip—Discard a card.",clb,Commander Legends: Battle for Baldur's Gate,139,Volkan Baǵa,mythic,B,B,Equip,3.12,1.33,https://scryfall.com/card/clb/139/pact-weapon?utm_source=api
Paleontologist's Pick-Axe // Dinosaur Headdress,,2,Artifact — Equipment // Artifact — Equipment,,lcc,The Lost Caverns of Ixalan Commander,16,Ernanda Souza,mythic,,,"Craft, Transform, Equip",0.39,0.51,https://scryfall.com/card/lcc/16/paleontologists-pick-axe-dinosaur-headdress?utm_source=api
Paradise Mantle,{0},0,Artifact — Equipment,"Equipped creature has ""{T}: Add one mana of any color."" | Equip {1}",sld,Secret Lair Drop,1236,Tsubonari,rare,,,Equip,30.96,17.53,https://scryfall.com/card/sld/1236/paradise-mantle?utm_source=api
Pariah's Shield,{5},5,Artifact — Equipment,All damage that would be dealt to you is dealt to equipped creature instead. | Equip {3},rvr,Ravnica Remastered,264,Doug Chaffee,rare,,,Equip,5.25,,https://scryfall.com/card/rvr/264/pariahs-shield?utm_source=api
Pip-Boy 3000,{1},1,Artifact — Equipment,"Whenever equipped creature attacks, choose one — | • Sort Inventory — Draw a card, then discard a card. | • Pick a Perk — Put a +1/+1 counter on that creature. | • Check Map — Untap up to two target lands. | Equip {2}",pip,Fallout,140,Mirko Failoni,rare,,,"Check Map, Pick a Perk, Equip, Sort Inventory",4.03,3.82,https://scryfall.com/card/pip/140/pip-boy-3000?utm_source=api
Plasma Caster,{1}{R},2,Artifact — Equipment,"Equipped creature gets +1/+1. | Whenever equipped creature attacks, you get {E}{E} (two energy counters). | Pay {E}{E}: Choose target creature that's blocking equipped creature. Flip a coin. If you win the flip, exile the chosen creature. Otherwise, this Equipment deals 1 damage to it. | Equip {2}",pip,Fallout,64,Kekai Kotaki,rare,R,R,Equip,0.31,0.19,https://scryfall.com/card/pip/64/plasma-caster?utm_source=api
Poet's Quill,{1}{B},2,Artifact — Equipment,"When this Equipment enters, learn. (You may reveal a Lesson card you own from outside the game and put it into your hand, or discard a card to draw a card.) | Equipped creature gets +1/+1 and has lifelink. | Equip {1}{B}",stx,Strixhaven: School of Mages,82,Anna Fehr,rare,B,B,"Equip, Learn",0.27,0.23,https://scryfall.com/card/stx/82/poets-quill?utm_source=api
Power Fist,{1}{G},2,Artifact — Equipment,"Equipped creature has trample and ""Whenever this creature deals combat damage to a player, put that many +1/+1 counters on it."" | Equip {2}",pip,Fallout,81,Campbell White,rare,G,G,Equip,13.32,8.52,https://scryfall.com/card/pip/81/power-fist?utm_source=api
Pre-War Formalwear,{2}{W},3,Artifact — Equipment,"When this Equipment enters, return target creature card with mana value 3 or less from your graveyard to the battlefield and attach this Equipment to it. | Equipped creature gets +2/+2 and has vigilance. | Equip {3}",sld,Secret Lair Drop,2450,Pauline Voss,rare,W,W,Equip,2.69,8.24,https://scryfall.com/card/sld/2450/pre-war-formalwear?utm_source=api
Quickbeast Amulet,{G}{W},2,Artifact — Equipment,"Starting intensity 0 | Equipped creature gets +X/+X, where X is this Equipment's intensity. | Whenever a creature you control enters, this Equipment intensifies by X, where X is that creature's power. | Equip {2}",ydft,Alchemy: Aetherdrift,24,Mark Poole,rare,G/W,G/W,"Intensity, Equip",,,https://scryfall.com/card/ydft/24/quickbeast-amulet?utm_source=api
Quietus Spike,{3},3,Artifact — Equipment,"Equipped creature has deathtouch. | Whenever equipped creature deals combat damage to a player, that player loses half their life, rounded up. | Equip {3}",ncc,New Capenna Commander,377,Mark Brill,rare,,,Equip,2.45,0.74,https://scryfall.com/card/ncc/377/quietus-spike?utm_source=api
Rabbit Battery,{R},1,Artifact Creature — Equipment Rabbit,"Haste | Equipped creature gets +1/+1 and has haste. | Reconfigure {R} ({R}: Attach to target creature you control; or unattach from a creature. Reconfigure only as a sorcery. While attached, this isn't a creature.)",pl23,Year of the Rabbit 2023,1,TSWCK,rare,R,R,"Haste, Reconfigure",,,https://scryfall.com/card/pl23/1/rabbit-battery?utm_source=api
Rakdos Riteknife,{2},2,Artifact — Equipment,"Equipped creature gets +1/+0 for each blood counter on this Equipment and has ""{T}, Sacrifice a creature: Put a blood counter on Rakdos Riteknife."" | {B}{R}, Sacrifice this Equipment: Target player sacrifices a permanent of their choice for each blood counter on this Equipment. | Equip {2}",dis,Dissension,164,Jim Nelson,rare,,B/R,Equip,0.41,0.27,https://scryfall.com/card/dis/164/rakdos-riteknife?utm_source=api
Raven Clan War-Axe,{1}{R}{W},3,Artifact — Equipment,"When this Equipment enters, you may search your library and/or graveyard for a card named Eivor, Battle-Ready, reveal it, and put it into your hand. If you search your library this way, shuffle. | Equipped creature gets +2/+0 and has trample. | Equip {2}",acr,Assassin's Creed,297,Kim Sokol,rare,R/W,R/W,Equip,0.20,0.15,https://scryfall.com/card/acr/297/raven-clan-war-axe?utm_source=api
Razorfield Ripper,{2}{W},3,Artifact Creature — Equipment Rhino,"Whenever this creature or equipped creature attacks, you get {E} (an energy counter), then it gets +X/+X until end of turn, where X is the amount of {E} you have. | Reconfigure—Pay {2} or {E}{E}{E}. (Pay {2} or {E}{E}{E}: Attach to target creature you control; or unattach from a creature. Reconfigure only as a sorcery. While attached, this isn't a creature.)",m3c,Modern Horizons 3 Commander,42,Samuel Perin,rare,W,W,Reconfigure,0.29,0.41,https://scryfall.com/card/m3c/42/razorfield-ripper?utm_source=api
Reaper's Scythe,{2}{B},3,Artifact — Equipment,"Job select | At the beginning of your end step, put a soul counter on this Equipment for each player who lost life this turn. | Equipped creature gets +1/+1 for each soul counter on this Equipment and is an Assassin in addition to its other types. | Death Sickle — Equip {2}",fic,Final Fantasy Commander,48,Colin Boyer,rare,B,B,"Job select, Equip",0.22,0.24,https://scryfall.com/card/fic/48/reapers-scythe?utm_source=api
Resurrection Orb,{2},2,Artifact — Equipment,"Equipped creature has lifelink. | Whenever equipped creature dies, return that card to the battlefield under its owner's control at the beginning of the next end step. | Equip {4} ({4}: Attach to target creature you control. Equip only as a sorcery.)",40k,"Warhammer 40,000 Commander",165,Hector Ortiz,rare,,,Equip,14.56,12.84,https://scryfall.com/card/40k/165/resurrection-orb?utm_source=api
Robe of Stars,{1}{W},2,Artifact — Equipment,Equipped creature gets +0/+3. | Astral Projection — {1}{W}: Equipped creature phases out. (Treat it and anything attached to it as though they don't exist until its controller's next turn.) | Equip {1},afc,Forgotten Realms Commander,11,Olena Richards,rare,W,W,Equip,14.26,9.85,https://scryfall.com/card/afc/11/robe-of-stars?utm_source=api
Robe of the Archmagi,{2}{U},3,Artifact — Equipment,"Whenever equipped creature deals combat damage to a player, you draw that many cards. | Equip {4} | Equip Shaman, Warlock, or Wizard {1}",clb,Commander Legends: Battle for Baldur's Gate,91,Dallas Williams,rare,U,U,Equip,0.37,0.43,https://scryfall.com/card/clb/91/robe-of-the-archmagi?utm_source=api
Rocket-Powered Goblin Glider,{3},3,Artifact — Equipment,"When this Equipment enters, if it was cast from your graveyard, attach it to target creature you control. | Equipped creature gets +2/+0 and has flying and haste. | Equip {2} | Mayhem {2}",spm,Marvel's Spider-Man,172,Pavel Kolomeyets,rare,,,"Mayhem, Equip",0.26,0.14,https://scryfall.com/card/spm/172/rocket-powered-goblin-glider?utm_source=api
Runechanter's Pike,{2},2,Artifact — Equipment,"Equipped creature has first strike and gets +X/+0, where X is the number of instant and sorcery cards in your graveyard. | Equip {2}",isd,Innistrad,231,John Avon,rare,,,Equip,0.26,0.30,https://scryfall.com/card/isd/231/runechanters-pike?utm_source=api
Sanctuary Blade,{2},2,Artifact — Equipment,"As this Equipment becomes attached to a creature, choose a color. | Equipped creature gets +2/+0 and has protection from the last chosen color. | Equip {3}",c20,Commander 2020,69,Titus Lunter,rare,,,Equip,0.31,0.37,https://scryfall.com/card/c20/69/sanctuary-blade?utm_source=api
Scepter of Celebration,{2}{G},3,Artifact — Equipment,"Equipped creature gets +2/+0 and has trample. | Whenever equipped creature deals combat damage to a player, create that many 1/1 green and white Citizen creature tokens. | Equip {3}",ncc,New Capenna Commander,64,Olena Richards,rare,G,G,Equip,2.04,1.04,https://scryfall.com/card/ncc/64/scepter-of-celebration?utm_source=api
Scytheclaw,{5},5,Artifact — Equipment,"Living weapon (When this Equipment enters, create a 0/0 black Phyrexian Germ creature token, then attach this to it.) | Equipped creature gets +1/+1. | Whenever equipped creature deals combat damage to a player, that player loses half their life, rounded up. | Equip {3}",cmm,Commander Masters,408,James Paick,rare,,,"Equip, Living weapon",0.26,0.18,https://scryfall.com/card/cmm/408/scytheclaw?utm_source=api
Scythe of the Wretched,{2},2,Artifact — Equipment,"Equipped creature gets +2/+2. | Whenever a creature dealt damage by equipped creature this turn dies, return that card to the battlefield under your control. Attach this Equipment to that creature. | Equip {4}",mrd,Mirrodin,239,Matt Cavotta,rare,,,Equip,9.00,2.04,https://scryfall.com/card/mrd/239/scythe-of-the-wretched?utm_source=api
Semblance Scanner,{2}{U},3,Artifact Creature — Equipment Shapeshifter,"Whenever Semblance Scanner or equipped creature deals combat damage to a player, if it's not a token, conjure a duplicate of it into your hand. | Reconfigure {1} ({1}: Attach to target creature you control; or unattach from a creature. Reconfigure only as a sorcery. While attached, this isn't a creature.)",yneo,Alchemy: Kamigawa,9,Leonardo Santanna,rare,U,U,"Conjure, Reconfigure",,,https://scryfall.com/card/yneo/9/semblance-scanner?utm_source=api
Seraphic Greatsword,{1}{W},2,Artifact — Equipment,"Equipped creature gets +2/+2. | Whenever equipped creature attacks the player with the most life or tied for most life, create a 4/4 white Angel creature token with flying that's tapped and attacking that player. | Equip {4}",cmr,Commander Legends,45,Craig J Spearing,mythic,W,W,Equip,0.81,0.64,https://scryfall.com/card/cmr/45/seraphic-greatsword?utm_source=api
Shadowspear,{1},1,Legendary Artifact — Equipment,Equipped creature gets +1/+1 and has trample and lifelink. | {1}: Permanents your opponents control lose hexproof and indestructible until end of turn. | Equip {2},thb,Theros Beyond Death,236,Yeong-Hao Han,rare,,,Equip,34.17,24.84,https://scryfall.com/card/thb/236/shadowspear?utm_source=api
Shield of Kaldra,{4},4,Legendary Artifact — Equipment,"Equipment named Sword of Kaldra, Shield of Kaldra, and Helm of Kaldra have indestructible. | Equipped creature has indestructible. (Damage and effects that say ""destroy"" don't destroy it.) | Equip {4}",dst,Darksteel,139,Donato Giancola,rare,,,Equip,8.57,2.54,https://scryfall.com/card/dst/139/shield-of-kaldra?utm_source=api
Shield of the Avatar,{1},1,Artifact — Equipment,"If a source would deal damage to equipped creature, prevent X of that damage, where X is the number of creatures you control. | Equip {2} ({2}: Attach to target creature you control. Equip only as a sorcery.)",m15,Magic 2015,230,Volkan Baǵa,rare,,,Equip,0.28,0.23,https://scryfall.com/card/m15/230/shield-of-the-avatar?utm_source=api
Sigiled Sword of Valeron,{3},3,Artifact — Equipment,"Equipped creature gets +2/+0, has vigilance, and is a Knight in addition to its other types. | Whenever equipped creature attacks, create a 2/2 white Knight creature token with vigilance that's attacking. | Equip {3}",moc,March of the Machine Commander,377,John Stanko,rare,,,Equip,0.40,0.20,https://scryfall.com/card/moc/377/sigiled-sword-of-valeron?utm_source=api
Sigil of Distinction,{X},0,Artifact — Equipment,This Equipment enters with X charge counters on it. | Equipped creature gets +1/+1 for each charge counter on this Equipment. | Equip—Remove a charge counter from this Equipment.,ala,Shards of Alara,219,Alan Pollack,rare,,,Equip,1.38,0.58,https://scryfall.com/card/ala/219/sigil-of-distinction?utm_source=api
Silver Shroud Costume,{2},2,Artifact — Equipment,"Flash | When this Equipment enters, attach it to target creature you control. That creature gains shroud until end of turn. (It can't be the target of spells or abilities.) | Equipped creature can't be blocked. | Equip {3}",sld,Secret Lair Drop,915,David Szabo,rare,,,"Equip, Flash",,,https://scryfall.com/card/sld/915/silver-shroud-costume?utm_source=api
Skullclamp,{1},1,Artifact — Equipment,"Equipped creature gets +1/-1. | Whenever equipped creature dies, draw two cards. | Equip {1}",vma,Vintage Masters,281,Daniel Ljunggren,mythic,,,Equip,,,https://scryfall.com/card/vma/281/skullclamp?utm_source=api
Slayer's Plate,{3},3,Artifact — Equipment,"Equipped creature gets +4/+2. | Whenever equipped creature dies, if it was a Human, create a 1/1 white Spirit creature token with flying. | Equip {3}",soi,Shadows over Innistrad,264,Ben Maier,rare,,,Equip,0.18,0.14,https://scryfall.com/card/soi/264/slayers-plate?utm_source=api
Souvenir T-Shirt,{3},3,Artifact — Equipment,"Gear Up, sponsored by Wizards of the Coast — As this Equipment enters, roll two six-sided dice. For each Magic-branded item you're wearing, roll an additional six-sided die. Choose two of those results. | Equipped creature gets +X/+Y, where X is the first chosen result and Y is the second. | Equip {4}",unf,Unfinity,192,Michael Phillippi,rare,,,Equip,0.09,0.13,https://scryfall.com/card/unf/192/souvenir-t-shirt?utm_source=api
Spellbinder,{3},3,Artifact — Equipment,"Imprint — When this Equipment enters, you may exile an instant card from your hand. | Whenever equipped creature deals combat damage to a player, you may copy the exiled card. If you do, you may cast the copy without paying its mana cost. | Equip {4}",dst,Darksteel,143,Ron Spencer,rare,,,"Equip, Imprint",5.06,0.82,https://scryfall.com/card/dst/143/spellbinder?utm_source=api
Staff of Titania,{2},2,Artifact — Equipment,"Equipped creature gets +X/+X, where X is the number of Forests you control. | Whenever equipped creature attacks, create a 1/1 green Forest Dryad land creature token. (It's affected by summoning sickness.) | Equip {3}",brc,The Brothers' War Commander,27,Samuel Perin,rare,,,Equip,7.83,4.78,https://scryfall.com/card/brc/27/staff-of-titania?utm_source=api
"Sting, the Glinting Dagger",{2},2,Legendary Artifact — Equipment,"Equipped creature gets +1/+1 and has haste. | At the beginning of each combat, untap equipped creature. | Equipped creature has first strike as long as it's blocking or blocked by a Goblin or Orc. | Equip {2}",ltr,The Lord of the Rings: Tales of Middle-earth,250,Nino Is,rare,,,Equip,3.86,1.40,https://scryfall.com/card/ltr/250/sting-the-glinting-dagger?utm_source=api
Stitcher's Graft,{1},1,Artifact — Equipment,"Equipped creature gets +3/+3. | Whenever equipped creature attacks, it doesn't untap during its controller's next untap step. | Whenever this Equipment becomes unattached from a permanent, sacrifice that permanent. | Equip {2}",inr,Innistrad Remastered,271,Josh Hass,rare,,,Equip,0.14,0.14,https://scryfall.com/card/inr/271/stitchers-graft?utm_source=api
Stoneforge Masterwork,{1},1,Artifact — Equipment,Equipped creature gets +1/+1 for each other creature you control that shares a creature type with it. | Equip {2},ogw,Oath of the Gatewatch,166,Ben Maier,rare,,,Equip,3.54,1.75,https://scryfall.com/card/ogw/166/stoneforge-masterwork?utm_source=api
Stormforged Armor,{1}{R}{R},3,Legendary Artifact — Equipment,"Equipped creature has ""Whenever this creature attacks, conjure a card named Ball Lightning onto the battlefield tapped and attacking."" | Equip—Pay 3 life.",ytdm,Alchemy: Tarkir,13,Tianxing Xu,rare,R,R,"Equip, Conjure",,,https://scryfall.com/card/ytdm/13/stormforged-armor?utm_source=api
Strata Scythe,{3},3,Artifact — Equipment,"Imprint — When this Equipment enters, search your library for a land card, exile it, then shuffle. | Equipped creature gets +1/+1 for each land on the battlefield with the same name as the exiled card. | Equip {3}",c14,Commander 2014,274,Scott Chou,rare,,,"Equip, Imprint",0.57,0.34,https://scryfall.com/card/c14/274/strata-scythe?utm_source=api
Summoner's Grimoire,{3}{G},4,Artifact — Book Equipment,"Job select | Equipped creature is a Shaman in addition to its other types and has ""Whenever this creature attacks, you may put a creature card from your hand onto the battlefield. If that card is an enchantment card, it enters tapped and attacking."" | Abraxas — Equip {3}",fin,Final Fantasy,205,Daniel Correia,rare,G,G,"Job select, Equip, Abraxas",0.27,0.25,https://scryfall.com/card/fin/205/summoners-grimoire?utm_source=api
Summoning Materia,{2}{G},3,Artifact — Equipment,"You may look at the top card of your library any time. | As long as this Equipment is attached to a creature, you may cast creature spells from the top of your library. | Equipped creature gets +2/+2 and has vigilance and ""{T}: Add {G}."" | Equip {2}",fic,Final Fantasy Commander,72,Ryu Fujinaka,rare,G,G,Equip,0.27,0.31,https://scryfall.com/card/fic/72/summoning-materia?utm_source=api
Sunforger,{3},3,Artifact — Equipment,"Equipped creature gets +4/+0. | {R}{W}, Unattach this Equipment: Search your library for a red or white instant card with mana value 4 or less and cast that card without paying its mana cost. Then shuffle. | Equip {3}",cmr,Commander Legends,473,Darrell Riche,rare,,R/W,Equip,3.12,1.14,https://scryfall.com/card/cmr/473/sunforger?utm_source=api
Swiftfoot Boots,{2},2,Artifact — Equipment,Equipped creature has hexproof and haste. (It can't be the target of spells or abilities your opponents control. It can attack and {T} no matter when it came under your control.) | Equip {1} ({1}: Attach to target creature you control. Equip only as a sorcery.),tle,Avatar: The Last Airbender Eternal,317,Barbara Rosiak,rare,,,Equip,2.17,2.06,https://scryfall.com/card/tle/317/swiftfoot-boots?utm_source=api
Sword of Body and Mind,{3},3,Artifact — Equipment,"Equipped creature gets +2/+2 and has protection from green and from blue. | Whenever equipped creature deals combat damage to a player, you create a 2/2 green Wolf creature token and that player mills ten cards. | Equip {2}",2xm,Double Masters,295,Chris Rahn,mythic,,,"Equip, Mill",19.52,9.08,https://scryfall.com/card/2xm/295/sword-of-body-and-mind?utm_source=api
Sword of Dungeons & Dragons,{3},3,Artifact — Equipment,"Equipped creature gets +2/+2 and has protection from Rogues and from Clerics. | Whenever equipped creature deals combat damage to a player, create a 4/4 gold Dragon creature token with flying and roll a d20 (a twenty-sided die). If you roll a 20, repeat this process. | Equip {2}",und,Unsanctioned,84,Chris Rahn,mythic,,,Equip,0.97,2.10,https://scryfall.com/card/und/84/sword-of-dungeons-&-dragons?utm_source=api
Sword of Feast and Famine,{3},3,Artifact — Equipment,"Equipped creature gets +2/+2 and has protection from black and from green. | Whenever equipped creature deals combat damage to a player, that player discards a card and you untap all lands you control. | Equip {2}",2xm,Double Masters,296,Chris Rahn,mythic,,,Equip,38.29,23.32,https://scryfall.com/card/2xm/296/sword-of-feast-and-famine?utm_source=api
Sword of Fire and Ice,{3},3,Artifact — Equipment,"Equipped creature gets +2/+2 and has protection from red and from blue. | Whenever equipped creature deals combat damage to a player, this Equipment deals 2 damage to any target and you draw a card. | Equip {2}",2xm,Double Masters,297,Chris Rahn,mythic,,,Equip,45.69,26.17,https://scryfall.com/card/2xm/297/sword-of-fire-and-ice?utm_source=api
Sword of Forge and Frontier,{3},3,Artifact — Equipment,"Equipped creature gets +2/+2 and has protection from red and from green. | Whenever equipped creature deals combat damage to a player, exile the top two cards of your library. You may play those cards this turn. You may play an additional land this turn. | Equip {2}",one,Phyrexia: All Will Be One,244,Scott Murphy,mythic,,,Equip,11.08,6.44,https://scryfall.com/card/one/244/sword-of-forge-and-frontier?utm_source=api
Sword of Hearth and Home,{3},3,Artifact — Equipment,"Equipped creature gets +2/+2 and has protection from green and from white. | Whenever equipped creature deals combat damage to a player, exile up to one target creature you own, then search your library for a basic land card. Put both cards onto the battlefield under your control, then shuffle. | Equip {2}",mh2,Modern Horizons 2,238,Chris Rahn,mythic,,,Equip,20.94,12.89,https://scryfall.com/card/mh2/238/sword-of-hearth-and-home?utm_source=api
Sword of Kaldra,{4},4,Legendary Artifact — Equipment,"Equipped creature gets +5/+5. | Whenever equipped creature deals damage to a creature, exile that creature. (Exile it only if it's still on the battlefield.) | Equip {4} ({4}: Attach to target creature you control. Equip only as a sorcery.)",mrd,Mirrodin,251,Donato Giancola,rare,,,Equip,22.00,4.60,https://scryfall.com/card/mrd/251/sword-of-kaldra?utm_source=api
Sword of Light and Shadow,{3},3,Artifact — Equipment,"Equipped creature gets +2/+2 and has protection from white and from black. | Whenever equipped creature deals combat damage to a player, you gain 3 life and you may return up to one target creature card from your graveyard to your hand. | Equip {2}",2xm,Double Masters,298,Chris Rahn,mythic,,,Equip,13.64,9.17,https://scryfall.com/card/2xm/298/sword-of-light-and-shadow?utm_source=api
Sword of Once and Future,{3},3,Artifact — Equipment,"Equipped creature gets +2/+2 and has protection from blue and from black. | Whenever equipped creature deals combat damage to a player, surveil 2. Then you may cast an instant or sorcery spell with mana value 2 or less from your graveyard without paying its mana cost. If that spell would be put into your graveyard, exile it instead. | Equip {2}",mom,March of the Machine,265,Joshua Cairos,mythic,,,"Surveil, Equip",3.99,2.92,https://scryfall.com/card/mom/265/sword-of-once-and-future?utm_source=api
Sword of Sinew and Steel,{3},3,Artifact — Equipment,"Equipped creature gets +2/+2 and has protection from black and from red. | Whenever equipped creature deals combat damage to a player, destroy up to one target planeswalker and up to one target artifact. | Equip {2}",mh1,Modern Horizons,228,Chris Rahn,mythic,,,Equip,11.76,6.84,https://scryfall.com/card/mh1/228/sword-of-sinew-and-steel?utm_source=api
Sword of the Animist,{2},2,Legendary Artifact — Equipment,"Equipped creature gets +1/+1. | Whenever equipped creature attacks, you may search your library for a basic land card, put it onto the battlefield tapped, then shuffle. | Equip {2}",cmm,Commander Masters,413,Daniel Ljunggren,rare,,,Equip,7.05,5.33,https://scryfall.com/card/cmm/413/sword-of-the-animist?utm_source=api
Sword of the Meek,{2},2,Artifact — Equipment,"Equipped creature gets +1/+2. | Equip {2} | Whenever a 1/1 creature you control enters, you may return this card from your graveyard to the battlefield, then attach it to that creature.",2xm,Double Masters,299,Franz Vohwinkel,rare,,,Equip,0.65,0.32,https://scryfall.com/card/2xm/299/sword-of-the-meek?utm_source=api
Sword of the Paruns,{4},4,Artifact — Equipment,"As long as equipped creature is tapped, tapped creatures you control get +2/+0. | As long as equipped creature is untapped, untapped creatures you control get +0/+2. | {3}: You may tap or untap equipped creature. | Equip {3}",rvr,Ravnica Remastered,270,Greg Hildebrandt,rare,,,Equip,0.98,0.52,https://scryfall.com/card/rvr/270/sword-of-the-paruns?utm_source=api
Sword of the Squeak,{2},2,Artifact — Equipment,"Equipped creature gets +1/+1 for each creature you control with base power or toughness 1. | Whenever a Hamster, Mouse, Rat, or Squirrel you control enters, you may attach this Equipment to that creature. | Equip {2}",blc,Bloomburrow Commander,40,Dave Kendall,rare,,,Equip,0.35,0.52,https://scryfall.com/card/blc/40/sword-of-the-squeak?utm_source=api
Sword of Truth and Justice,{3},3,Artifact — Equipment,"Equipped creature gets +2/+2 and has protection from white and from blue. | Whenever equipped creature deals combat damage to a player, put a +1/+1 counter on a creature you control, then proliferate. (Choose any number of permanents and/or players, then give each another counter of each kind already there.) | Equip {2}",mh1,Modern Horizons,229,Chris Rahn,mythic,,,"Proliferate, Equip",34.47,23.81,https://scryfall.com/card/mh1/229/sword-of-truth-and-justice?utm_source=api
Sword of Vengeance,{3},3,Artifact — Equipment,"Equipped creature gets +2/+0 and has first strike, vigilance, trample, and haste. | Equip {3}",blb,Bloomburrow,395,Dan Murayama Scott,rare,,,Equip,0.85,,https://scryfall.com/card/blb/395/sword-of-vengeance?utm_source=api
Sword of War and Peace,{3},3,Artifact — Equipment,"Equipped creature gets +2/+2 and has protection from red and from white. | Whenever equipped creature deals combat damage to a player, this Equipment deals damage to that player equal to the number of cards in their hand and you gain 1 life for each card in your hand. | Equip {2}",2xm,Double Masters,300,Chris Rahn,mythic,,,Equip,10.77,5.65,https://scryfall.com/card/2xm/300/sword-of-war-and-peace?utm_source=api
Sword of Wealth and Power,{3},3,Artifact — Equipment,"Equipped creature gets +2/+2 and has protection from instants and from sorceries. | Whenever equipped creature deals combat damage to a player, create a Treasure token. When you next cast an instant or sorcery spell this turn, copy that spell. You may choose new targets for the copy. | Equip {2}",big,The Big Score,26,Dominik Mayer,mythic,,,"Treasure, Equip",18.71,9.99,https://scryfall.com/card/big/26/sword-of-wealth-and-power?utm_source=api
T-45 Power Armor,{2},2,Artifact — Equipment,"When this Equipment enters, you get {E}{E} (two energy counters). | Equipped creature gets +3/+3 and doesn't untap during its controller's untap step. | At the beginning of your upkeep, you may pay {E}. If you do, untap equipped creature, then put your choice of a menace, trample, or lifelink counter on it. | Equip {3}",sld,Secret Lair Drop,2452,JB Casacop,rare,,,Equip,0.71,0.90,https://scryfall.com/card/sld/2452/t-45-power-armor?utm_source=api
Tangleweave Armor,{2}{G}{G},4,Artifact — Equipment,"Living weapon (When this Equipment enters, create a 0/0 black Phyrexian Germ creature token, then attach this to it.) | Equipped creature gets +X/+X, where X is the greatest mana value among your commanders. | Equip {4}",onc,Phyrexia: All Will Be One Commander,26,Johann Bodin,rare,G,G,"Equip, Living weapon",0.30,0.31,https://scryfall.com/card/onc/26/tangleweave-armor?utm_source=api
Tanuki Transplanter,{3}{G},4,Artifact Creature — Equipment Dog,"Whenever this creature or equipped creature attacks, add an amount of {G} equal to its power. Until end of turn, you don't lose this mana as steps and phases end. | Reconfigure {3} ({3}: Attach to target creature you control; or unattach from a creature. Reconfigure only as a sorcery. While attached, this isn't a creature.)",nec,Neon Dynasty Commander,30,Oleksandr Kozachenko,rare,G,G,Reconfigure,1.31,0.54,https://scryfall.com/card/nec/30/tanuki-transplanter?utm_source=api
Tarrian's Soulcleaver,{1},1,Legendary Artifact — Equipment,"Equipped creature has vigilance. | Whenever another artifact or creature is put into a graveyard from the battlefield, put a +1/+1 counter on equipped creature. | Equip {2}",lci,The Lost Caverns of Ixalan,264,Nereida,rare,,,Equip,4.06,1.15,https://scryfall.com/card/lci/264/tarrians-soulcleaver?utm_source=api
"Tatsumasa, the Dragon's Fang",{6},6,Legendary Artifact — Equipment,"Equipped creature gets +5/+5. | {6}, Exile Tatsumasa: Create a 5/5 blue Dragon Spirit creature token with flying. Return Tatsumasa to the battlefield under its owner's control when that token dies. | Equip {3}",chk,Champions of Kamigawa,270,Martina Pilcerova,rare,,,Equip,3.33,1.00,https://scryfall.com/card/chk/270/tatsumasa-the-dragons-fang?utm_source=api
The Aetherspark,{4},4,Legendary Artifact Planeswalker — Equipment,"As long as The Aetherspark is attached to a creature, The Aetherspark can't be attacked and has ""Whenever equipped creature deals combat damage during your turn, put that many loyalty counters on The Aetherspark."" | +1: Attach The Aetherspark to up to one target creature you control. Put a +1/+1 counter on that creature. | −5: Draw two cards. | −10: Add ten mana of any one color.",dft,Aetherdrift,231,Donato Giancola,mythic,,,,17.78,13.48,https://scryfall.com/card/dft/231/the-aetherspark?utm_source=api
The Dominion Bracelet,{2},2,Legendary Artifact — Equipment,"Equipped creature gets +1/+1 and has ""{15}, Exile The Dominion Bracelet: You control target opponent during their next turn. This ability costs {X} less to activate, where X is this creature's power. Activate only as a sorcery."" (You see all cards that player could see and make all decisions for them.) | Equip {1}",eoe,Edge of Eternities,239,Nathaniel Himawan,mythic,,,Equip,0.52,0.39,https://scryfall.com/card/eoe/239/the-dominion-bracelet?utm_source=api
The Key to the Vault,{1}{U},2,Legendary Artifact — Equipment,"Whenever equipped creature deals combat damage to a player, look at that many cards from the top of your library. You may exile a nonland card from among them. Put the rest on the bottom of your library in a random order. You may cast the exiled card without paying its mana cost. | Equip {2}{U}",otj,Outlaws of Thunder Junction,54,Leon Tukker,rare,U,U,Equip,0.43,0.38,https://scryfall.com/card/otj/54/the-key-to-the-vault?utm_source=api
The Masamune,{3},3,Legendary Artifact — Equipment,"As long as equipped creature is attacking, it has first strike and must be blocked if able. | Equipped creature has ""If a creature dying causes a triggered ability of this creature or an emblem you own to trigger, that ability triggers an additional time."" | Equip {2}",fin,Final Fantasy,264,Masateru Ikeda,rare,,,Equip,1.01,0.57,https://scryfall.com/card/fin/264/the-masamune?utm_source=api
The Reality Chip,{1}{U},2,Legendary Artifact Creature — Equipment Jellyfish,"You may look at the top card of your library any time. | As long as The Reality Chip is attached to a creature, you may play lands and cast spells from the top of your library. | Reconfigure {2}{U} ({2}{U}: Attach to target creature you control; or unattach from a creature. Reconfigure only as a sorcery. While attached, this isn't a creature.)",neo,Kamigawa: Neon Dynasty,74,Campbell White,rare,U,U,Reconfigure,3.33,2.40,https://scryfall.com/card/neo/74/the-reality-chip?utm_source=api
The Reaver Cleaver,{2}{R},3,Legendary Artifact — Equipment,"Equipped creature gets +1/+1 and has trample and ""Whenever this creature deals combat damage to a player or planeswalker, create that many Treasure tokens."" | Equip {3}",dmc,Dominaria United Commander,8,Yigit Koroglu,rare,R,R,"Treasure, Equip",11.14,7.94,https://scryfall.com/card/dmc/8/the-reaver-cleaver?utm_source=api
The Spear of Leonidas,{2}{R},3,Legendary Artifact — Equipment,"Whenever equipped creature attacks, choose one — | • Bull Rush — It gains double strike until end of turn. | • Summon — Create Phobos, a legendary 3/2 red Horse creature token. | • Revelation — Discard two cards, then draw two cards. | Equip {2}",acr,Assassin's Creed,38,Narendra Bintara Adi,rare,R,R,"Summon, Equip",0.82,1.16,https://scryfall.com/card/acr/38/the-spear-of-leonidas?utm_source=api
Tome of Gadwick,{U},1,Artifact — Book Equipment,"Equipped creature gets +1/+0 and has ward {1}. | Whenever equipped creature attacks, conjure a random card from Tome of Gadwick's spellbook into your hand. | Equip {1}",ywoe,Alchemy: Wilds of Eldraine,6,Maxime Minard,rare,U,U,"Equip, Conjure",,,https://scryfall.com/card/ywoe/6/tome-of-gadwick?utm_source=api
"Toralf, God of Fury // Toralf's Hammer",,4,Legendary Creature — God // Legendary Artifact — Equipment,,khm,Kaldheim,154,Tyler Jacobson,mythic,,R,"Trample, Equip",5.38,3.36,https://scryfall.com/card/khm/154/toralf-god-of-fury-toralfs-hammer?utm_source=api
Trailblazer's Boots,{2},2,Artifact — Equipment,Equipped creature has nonbasic landwalk. (It can't be blocked as long as defending player controls a nonbasic land.) | Equip {2},ltr,The Lord of the Rings: Tales of Middle-earth,398,Alexander Gering,rare,,,Equip,,,https://scryfall.com/card/ltr/398/trailblazers-boots?utm_source=api
Transmogrant's Crown,{2},2,Artifact — Equipment,"Equipped creature gets +2/+0. | Whenever equipped creature dies, draw a card. | Equip {2} or {B}",bro,The Brothers' War,125,Nino Vecia,rare,,B,Equip,0.34,0.39,https://scryfall.com/card/bro/125/transmogrants-crown?utm_source=api
Ultima Weapon,{7},7,Legendary Artifact — Equipment,"Whenever equipped creature attacks, destroy target creature an opponent controls. | Equipped creature gets +7/+7. | Equip {7}",fin,Final Fantasy,563,Fariba Khamseh,rare,,,Equip,6.49,3.77,https://scryfall.com/card/fin/563/ultima-weapon?utm_source=api
Umezawa's Jitte,{2},2,Legendary Artifact — Equipment,"Whenever equipped creature deals combat damage, put two charge counters on Umezawa's Jitte. | Remove a charge counter from Umezawa's Jitte: Choose one — | • Equipped creature gets +2/+2 until end of turn. | • Target creature gets -1/-1 until end of turn. | • You gain 2 life. | Equip {2}",bok,Betrayers of Kamigawa,163,Christopher Moeller,rare,,,Equip,12.31,6.56,https://scryfall.com/card/bok/163/umezawas-jitte?utm_source=api
"Unscythe, Killer of Kings",{U}{B}{B}{R},4,Legendary Artifact — Equipment,"Equipped creature gets +3/+3 and has first strike. | Whenever a creature dealt damage by equipped creature this turn dies, you may exile that card. If you do, create a 2/2 black Zombie creature token. | Equip {2}",arb,Alara Reborn,114,Karl Kopinski,rare,B/R/U,B/R/U,Equip,1.82,0.49,https://scryfall.com/card/arb/114/unscythe-killer-of-kings?utm_source=api
Vorpal Sword,{B},1,Artifact — Equipment,"Equipped creature gets +2/+0 and has deathtouch. | {5}{B}{B}{B}: Until end of turn, this Equipment gains ""Whenever equipped creature deals combat damage to a player, that player loses the game."" | Equip {B}{B}",afr,Adventures in the Forgotten Realms,124,Caio Monteiro,rare,B,B,Equip,2.50,1.45,https://scryfall.com/card/afr/124/vorpal-sword?utm_source=api
Wand of Orcus,{2}{B},3,Legendary Artifact — Equipment,"Whenever equipped creature attacks or blocks, it and Zombies you control gain deathtouch until end of turn. | Whenever equipped creature deals combat damage to a player, create that many 2/2 black Zombie creature tokens. | Equip {3}",afc,Forgotten Realms Commander,28,Andrew Mar,rare,B,B,Equip,14.32,13.49,https://scryfall.com/card/afc/28/wand-of-orcus?utm_source=api
Whispersilk Cloak,{3},3,Artifact — Equipment,Equipped creature can't be blocked and has shroud. (It can't be the target of spells or abilities.) | Equip {2},sld,Secret Lair Drop,1574,Miklós Ligeti & AndWorld Design,rare,,,Equip,26.18,22.78,https://scryfall.com/card/sld/1574/whispersilk-cloak?utm_source=api
Whispersteel Dagger,{2}{B},3,Artifact — Equipment,"Equipped creature gets +2/+0. | Whenever equipped creature deals combat damage to a player, you may cast a creature spell from that player's graveyard this turn, and you may spend mana as though it were mana of any color to cast that spell. | Equip {3}",znc,Zendikar Rising Commander,5,Svetlin Velinov,rare,B,B,Equip,0.27,0.19,https://scryfall.com/card/znc/5/whispersteel-dagger?utm_source=api
Winged Boots,{1}{U},2,Artifact — Equipment,"Equipped creature has flying and ward {4}. (Whenever equipped creature becomes the target of a spell or ability an opponent controls, counter it unless that player pays {4}.) | Equip {1}",otc,Outlaws of Thunder Junction Commander,124,Kim Sokol,rare,U,U,Equip,11.20,8.76,https://scryfall.com/card/otc/124/winged-boots?utm_source=api
Worldslayer,{5},5,Artifact — Equipment,"Whenever equipped creature deals combat damage to a player, destroy all permanents other than this Equipment. | Equip {5} ({5}: Attach to target creature you control. Equip only as a sorcery.)",m12,Magic 2012,222,Greg Staples,rare,,,Equip,3.27,0.81,https://scryfall.com/card/m12/222/worldslayer?utm_source=api
Wrecking Ball Arm,{2},2,Legendary Artifact — Equipment,Equipped creature has base power and toughness 7/7 and can't be blocked by creatures with power 2 or less. | Equip legendary creature {3} | Equip {7},fic,Final Fantasy Commander,100,Norikatsu Miyoshi,rare,,,Equip,0.40,0.57,https://scryfall.com/card/fic/100/wrecking-ball-arm?utm_source=api